Workbook

Sheet Dashboard
H2: ⚠️ 商品驗證 即將到期（90天內）
H3: 證書編號 | J3: 有效日期 | K3: 剩餘天數 | L3: 證書編號 | N3: 有效日期 | O3: 剩餘天數
H4: =IFERROR(到期清單!A3,"") -> CI3A2261861837 | J4: =IF(IFERROR(到期清單!B3,0)=0,"",到期清單!B3) -> 46187 | K4: =IFERROR(到期清單!C3,"") -> 23 | L4: =IFERROR(到期清單!A12,"") -> 0 | N4: =IF(IFERROR(到期清單!B18,0)=0,"",到期清單!B18) | O4: =IFERROR(到期清單!C12,"") -> 0
H5: =IFERROR(到期清單!A4,"") -> CI3A2261861848 | J5: =IF(IFERROR(到期清單!B4,0)=0,"",到期清單!B4) -> 46192 | K5: =IFERROR(到期清單!C4,"") -> 28 | L5: =IFERROR(到期清單!A13,"") -> 0 | N5: =IF(IFERROR(到期清單!B19,0)=0,"",到期清單!B19) | O5: =IFERROR(到期清單!C13,"") -> 0
H6: =IFERROR(到期清單!A5,"") -> CI3A2261861890 | J6: =IF(IFERROR(到期清單!B5,0)=0,"",到期清單!B5) -> 46227 | K6: =IFERROR(到期清單!C5,"") -> 63 | L6: =IFERROR(到期清單!A14,"") -> 0 | N6: =IF(IFERROR(到期清單!B20,0)=0,"",到期清單!B20) | O6: =IFERROR(到期清單!C14,"") -> 0
H7: =IFERROR(到期清單!A6,"") -> CI3A9261861510 | J7: =IF(IFERROR(到期清單!B6,0)=0,"",到期清單!B6) -> 46195 | K7: =IFERROR(到期清單!C6,"") -> 31 | L7: =IFERROR(到期清單!A15,"") -> 0 | N7: =IF(IFERROR(到期清單!B21,0)=0,"",到期清單!B21) | O7: =IFERROR(到期清單!C15,"") -> 0
E8: =圖表資料!B9 -> 66 | F8: 張 | H8: =IFERROR(到期清單!A7,"") -> CI3A2261861917 | J8: =IF(IFERROR(到期清單!B7,0)=0,"",到期清單!B7) -> 46235 | K8: =IFERROR(到期清單!C7,"") -> 71 | L8: =IFERROR(到期清單!A16,"") -> 0 | N8: =IF(IFERROR(到期清單!B22,0)=0,"",到期清單!B22) | O8: =IFERROR(到期清單!C16,"") -> 0
H9: =IFERROR(到期清單!A8,"") -> CI3A2261861928 | J9: =IF(IFERROR(到期清單!B8,0)=0,"",到期清單!B8) -> 46241 | K9: =IFERROR(到期清單!C8,"") -> 77 | L9: =IFERROR(到期清單!A17,"") -> 0 | N9: =IF(IFERROR(到期清單!B23,0)=0,"",到期清單!B23) | O9: =IFERROR(到期清單!C17,"") -> 0
H10: =IFERROR(到期清單!A9,"") -> 0 | J10: =IF(IFERROR(到期清單!B9,0)=0,"",到期清單!B9) | K10: =IFERROR(到期清單!C9,"") -> 0 | L10: =IFERROR(到期清單!A18,"") -> 0 | N10: =IF(IFERROR(到期清單!B24,0)=0,"",到期清單!B24) | O10: =IFERROR(到期清單!C18,"") -> 0
H11: =IFERROR(到期清單!A10,"") -> 0 | J11: =IF(IFERROR(到期清單!B10,0)=0,"",到期清單!B10) | K11: =IFERROR(到期清單!C10,"") -> 0 | L11: =IFERROR(到期清單!A19,"") -> 0 | N11: =IF(IFERROR(到期清單!B25,0)=0,"",到期清單!B25) | O11: =IFERROR(到期清單!C19,"") -> 0
H12: =IFERROR(到期清單!A11,"") -> 0 | J12: =IF(IFERROR(到期清單!B11,0)=0,"",到期清單!B11) | K12: =IFERROR(到期清單!C11,"") -> 0 | L12: =IFERROR(到期清單!A20,"") -> 0 | N12: =IF(IFERROR(到期清單!B26,0)=0,"",到期清單!B26) | O12: =IFERROR(到期清單!C20,"") -> 0
H13: ▶ 刷新到期清單
H16: ⚠️ 節能標章 即將到期（90天內）
H17: 證書編號 | J17: 有效日期 | K17: 剩餘天數 | L17: 證書編號 | N17: 有效日期 | O17: 剩餘天數
H18: =IFERROR(到期清單!F3,"") -> 1110286 | J18: =IF(IFERROR(到期清單!G3,0)=0,"",到期清單!G3) -> 46165 | K18: =IFERROR(到期清單!H3,"") -> 1 | L18: =IFERROR(到期清單!F12,"") -> 0 | N18: =IF(IFERROR(到期清單!K3,0)=0,"",到期清單!K3) | O18: =IFERROR(到期清單!H12,"") -> 0
H19: =IFERROR(到期清單!F4,"") -> 0 | J19: =IF(IFERROR(到期清單!G4,0)=0,"",到期清單!G4) | K19: =IFERROR(到期清單!H4,"") -> 0 | L19: =IFERROR(到期清單!F13,"") -> 0 | N19: =IF(IFERROR(到期清單!K4,0)=0,"",到期清單!K4) | O19: =IFERROR(到期清單!H13,"") -> 0
H20: =IFERROR(到期清單!F5,"") -> 0 | J20: =IF(IFERROR(到期清單!G5,0)=0,"",到期清單!G5) | K20: =IFERROR(到期清單!H5,"") -> 0 | L20: =IFERROR(到期清單!F14,"") -> 0 | N20: =IF(IFERROR(到期清單!K5,0)=0,"",到期清單!K5) | O20: =IFERROR(到期清單!H14,"") -> 0
H21: =IFERROR(到期清單!F6,"") -> 0 | J21: =IF(IFERROR(到期清單!G6,0)=0,"",到期清單!G6) | K21: =IFERROR(到期清單!H6,"") -> 0 | L21: =IFERROR(到期清單!F15,"") -> 0 | N21: =IF(IFERROR(到期清單!K6,0)=0,"",到期清單!K6) | O21: =IFERROR(到期清單!H15,"") -> 0
E22: =圖表資料!E9 -> 31 | F22: 張 | H22: =IFERROR(到期清單!F7,"") -> 0 | J22: =IF(IFERROR(到期清單!G7,0)=0,"",到期清單!G7) | K22: =IFERROR(到期清單!H7,"") -> 0 | L22: =IFERROR(到期清單!F16,"") -> 0 | N22: =IF(IFERROR(到期清單!K7,0)=0,"",到期清單!K7) | O22: =IFERROR(到期清單!H16,"") -> 0
H23: =IFERROR(到期清單!F8,"") -> 0 | J23: =IF(IFERROR(到期清單!G8,0)=0,"",到期清單!G8) | K23: =IFERROR(到期清單!H8,"") -> 0 | L23: =IFERROR(到期清單!F17,"") -> 0 | N23: =IF(IFERROR(到期清單!K8,0)=0,"",到期清單!K8) | O23: =IFERROR(到期清單!H17,"") -> 0
H24: =IFERROR(到期清單!F9,"") -> 0 | J24: =IF(IFERROR(到期清單!G9,0)=0,"",到期清單!G9) | K24: =IFERROR(到期清單!H9,"") -> 0 | L24: =IFERROR(到期清單!F18,"") -> 0 | N24: =IF(IFERROR(到期清單!K9,0)=0,"",到期清單!K9) | O24: =IFERROR(到期清單!H18,"") -> 0
H25: =IFERROR(到期清單!F10,"") -> 0 | J25: =IF(IFERROR(到期清單!G10,0)=0,"",到期清單!G10) | K25: =IFERROR(到期清單!H10,"") -> 0 | L25: =IFERROR(到期清單!F19,"") -> 0 | N25: =IF(IFERROR(到期清單!K10,0)=0,"",到期清單!K10) | O25: =IFERROR(到期清單!H19,"") -> 0
H26: =IFERROR(到期清單!F11,"") -> 0 | J26: =IF(IFERROR(到期清單!G11,0)=0,"",到期清單!G11) | K26: =IFERROR(到期清單!H11,"") -> 0 | L26: =IFERROR(到期清單!F20,"") -> 0 | N26: =IF(IFERROR(到期清單!K11,0)=0,"",到期清單!K11) | O26: =IFERROR(到期清單!H20,"") -> 0
E36: =圖表資料!J33 -> 0.69672131

Sheet 工作表1
A1: 實驗室 | B1: 類別 | C1: 室外機型號 | D1: 測試搭配 (無風管內機型號) | E1: 核備 | F1: 商品驗證登錄證書編號 | G1: 證書有效 期限 | H1: 2027年 年費 | I1: 已展延 | J1: 分類 | K1: 計算用 | L1: 計算用 | M1: 計算用 | N1: 安規測試 報告編號 | O1: 室外機型號 | P1: 額定冷氣能力(kW) | R1: 中間冷氣能力(kW) | T1: 額定消耗功率(W) | V1: 額定中間消耗功率(W) | X1: 冷氣季節性能因數 CSPF | Z1: CSPF 實測/標示 | AA1: 標準 | AB1: 符合CSPF 節能標章 | AC1: 節能標章 證書編號 | AD1: 節能標章 有效日期 | AE1: 室外機型號 | AF1: 剩餘天數 | AG1: 能源效率分級 | AH1: 室外機型號 | AI1: 登錄編號
N2: 核對用 | P2: 實測值 | Q2: 標示值 | R2: 實測值 | S2: 標示值 | T2: 實測值 | U2: 標示值 | V2: 實測值 | W2: 標示值 | X2: 實測值 | Y2: 標示值 | AP2: 商品驗證登錄證書總數 | AQ2: =SUM(IF((G3:G131>=TODAY())*(F3:F131<>""), 1/COUNTIFS(F3:F131, F3:F131, G3:G131, ">="&TODAY()))) -> #VALUE!
A3: ETC | B3: RA | C3: RXV36ZVLT | D3: FTXV36ZVLT | F3: CI3A3161862273 | G3: 46738 | N3: 24-08-VAA-002 | O3: RXV36ZVLT | P3: 3.521 | Q3: 3.5 | R3: 1.686 | S3: 1.75 | T3: 772 | U3: 780 | V3: 274 | W3: 280 | X3: 6.48 | Y3: 6.53 | Z3: =X3/Y3 -> 0.99234303 | AC3: 11404278 | AD3: 46512 | AE3: RXV36ZVLT | AG3: 1 | AH3: RXV36ZVLT | AI3: ACN1-113-7799
A4: ETC | B4: RA | C4: RXV41ZVLT | D4: FTXV41ZVLT | F4: CI3A3161862301 | G4: 46747 | N4: 24-08-VAA-003 | O4: RXV41ZVLT | P4: 4.11 | Q4: 4.1 | R4: 1.833 | S4: 1.845 | T4: 994 | U4: 980 | V4: 307 | W4: 305 | X4: 6.17 | Y4: 6.24 | Z4: =X4/Y4 -> 0.98878205 | AC4: 11404278 | AD4: 46512 | AE4: RXV41ZVLT | AG4: 1 | AH4: RXV41ZVLT | AI4: ACN1-114-0104
A5: ETC | B5: RA | C5: RXV50ZVLT | D5: FTXV50ZVLT | F5: CI3A3161862301 | G5: 46747 | N5: 24-08-VAA-003 | O5: RXV50ZVLT | P5: 4.88 | Q5: 5 | R5: 2.332 | S5: 2.335 | T5: 1318 | U5: 1290 | V5: 401 | W5: 400 | X5: 5.88 | Y5: 5.96 | Z5: =X5/Y5 -> 0.98657718 | AC5: 11404278 | AD5: 46512 | AE5: RXV50ZVLT | AG5: 1 | AH5: RXV50ZVLT | AI5: ACN1-114-0103
A6: ETC | B6: RA | C6: RXV60ZVLT | D6: FTXV60ZVLT | F6: CI3A3161862301 | G6: 46747 | N6: 24-08-VAA-003 | O6: RXV60ZVLT | P6: 5.881 | Q6: 6 | R6: 2.734 | S6: 2.7 | T6: 1720 | U6: 1720 | V6: 510 | W6: 483 | X6: 5.35 | Y6: 5.61 | Z6: =X6/Y6 -> 0.95365419 | AG6: 1 | AH6: RXV60ZVLT | AI6: ACN1-114-0102
A7: ETC | B7: RA | C7: RXV71ZVLT | D7: FTXV71ZVLT | F7: CI3A3161862312 | G7: 46751 | N7: 24-08-VAA-004 | O7: RXV71ZVLT | P7: 7.146 | Q7: 7.2 | R7: 3.257 | S7: 3.24 | T7: 2059 | U7: 2150 | V7: 595 | W7: 603 | X7: 5.52 | Y7: 5.39 | Z7: =X7/Y7 -> 1.0241187 | AC7: 11404278 | AD7: 46512 | AE7: RXV71ZVLT | AG7: 1 | AH7: RXV71ZVLT | AI7: ACN1-114-0101
A8: TERTEC | B8: RA | C8: RHF20VAVLT | D8: FTHF20VAVLT | F8: CI3A5261862375 | G8: 47159 | N8: ACS20240899 | O8: RHF20VAVLT | P8: 2.18 | Q8: 2.2 | R8: 1.11 | S8: 1.1 | T8: 457 | U8: 465 | V8: 178 | W8: 185 | X8: 6.63 | Y8: 6.38 | Z8: =X8/Y8 -> 1.039185 | AC8: 1100313 | AD8: 46387 | AE8: RHF20VAVLT | AG8: 1 | AH8: RHF20VAVLT | AI8: ACN1-113-0224
A9: TERTEC | B9: RA | C9: RHF20ZVLT | D9: FTHF20ZVLT | F9: CI3A5261862375 | G9: 47159 | N9: ACS20240899 | O9: RHF20ZVLT | P9: 2.18 | Q9: 2.2 | R9: 1.11 | S9: 1.1 | T9: 457 | U9: 465 | V9: 178 | W9: 185 | X9: 6.63 | Y9: 6.38 | Z9: =X9/Y9 -> 1.039185 | AC9: 1140478 | AD9: 46527 | AE9: RHF20ZVLT | AG9: 1 | AH9: RHF20ZVLT | AI9: ACN1-113-2855 | AO9: RA | AP9: {=SUM(--(FREQUENCY(IF((B3:B195="RA")*(AC3:AC195<>""),MATCH(AC3:AC195,AC3:AC195,0)),ROW(AC3:AC195)-ROW(AC3)+1)>0))} -> 15
A10: TERTEC | B10: RA | C10: RHF25VAVLT | D10: FTHF25VAVLT | F10: CI3A5261862375 | G10: 47159 | N10: ACS20240899 | O10: RHF25VAVLT | P10: 2.49 | Q10: 2.5 | R10: 1.25 | S10: 1.25 | T10: 544 | U10: 550 | V10: 207 | W10: 210 | X10: 6.4 | Y10: 6.32 | Z10: =X10/Y10 -> 1.0126582 | AC10: 1100313 | AD10: 46387 | AE10: RHF25VAVLT | AG10: 1 | AH10: RHF25VAVLT | AI10: ACN1-113-0225 | AO10: MA | AP10: {=SUM(--(FREQUENCY(IF((B3:B195="MA")*(AC3:AC195<>""),MATCH(AC3:AC195,AC3:AC195,0)),ROW(AC3:AC195)-ROW(AC3)+1)>0))} -> 3
A11: TERTEC | B11: RA | C11: RHF25ZVLT | D11: FTHF25ZVLT | F11: CI3A5261862375 | G11: 47159 | N11: ACS20240899 | O11: RHF25ZVLT | P11: 2.49 | Q11: 2.5 | R11: 1.25 | S11: 1.25 | T11: 544 | U11: 550 | V11: 207 | W11: 210 | X11: 6.4 | Y11: 6.32 | Z11: =X11/Y11 -> 1.0126582 | AC11: 1140478 | AD11: 46527 | AE11: RHF25ZVLT | AG11: 1 | AH11: RHF25ZVLT | AI11: ACN1-113-2856 | AO11: SA | AP11: {=SUM(--(FREQUENCY(IF((B3:B195="SA")*(AC3:AC195<>""),MATCH(AC3:AC195,AC3:AC195,0)),ROW(AC3:AC195)-ROW(AC3)+1)>0))} -> 6
A12: TERTEC | B12: RA | C12: RHF30VAVLT | D12: FTHF30VAVLT | F12: CI3A5261862375 | G12: 47159 | N12: ACS20240899 | O12: RHF30VAVLT | P12: 2.97 | Q12: 3 | R12: 1.49 | S12: 1.5 | T12: 700 | U12: 684 | V12: 263 | W12: 253 | X12: 5.99 | Y12: 6.24 | Z12: =X12/Y12 -> 0.9599359 | AG12: 1 | AH12: RHF30VAVLT | AI12: ACN1-115-0721 | AO12: VRV | AP12: {=SUM(--(FREQUENCY(IF((B6:B198="VRV")*(AC6:AC198<>""),MATCH(AC6:AC198,AC6:AC198,0)),ROW(AC6:AC198)-ROW(AC6)+1)>0))} -> 13
A13: TERTEC | B13: RA | C13: RHF30ZVLT | D13: FTHF30ZVLT | F13: CI3A5261862375 | G13: 47159 | N13: ACS20240899 | O13: RHF30ZVLT | P13: 2.97 | Q13: 3 | R13: 1.49 | S13: 1.5 | T13: 700 | U13: 684 | V13: 263 | W13: 253 | X13: 5.99 | Y13: 6.24 | Z13: =X13/Y13 -> 0.9599359 | AG13: 1 | AH13: RHF30ZVLT | AI13: ACN1-113-2857
A14: TERTEC | B14: RA | C14: RHF40VAVLT | D14: FTHF40VAVLT | F14: CI3A5261862386 | G14: 47159 | N14: ACS20240899 | O14: RHF40VAVLT | P14: 4.04 | Q14: 4.1 | R14: 2.17 | S14: 2.08 | T14: 966 | U14: 1000 | V14: 369 | W14: 365 | X14: 6.15 | Y14: 5.96 | Z14: =X14/Y14 -> 1.0318792 | AC14: 1120418 | AD14: 45657 | AE14: RHF40VAVLT | AG14: 1 | AH14: RHF40VAVLT | AI14: ACN1-115-0729
A15: TERTEC | B15: RA | C15: RHF40VVLT | D15: FTHF40VVLT | F15: CI3A5261862386 | G15: 47159 | N15: ACS20240900 | O15: RHF40VVLT | P15: 4.04 | Q15: 4.1 | R15: 2.17 | S15: 2.08 | T15: 966 | U15: 1000 | V15: 369 | W15: 365 | X15: 6.15 | Y15: 5.96 | Z15: =X15/Y15 -> 1.0318792 | AG15: 1 | AH15: RHF40VVLT | AI15: ACN1-115-0732
A16: TERTEC | B16: RA | C16: RHF40ZVLT | D16: FTHF40ZVLT | F16: CI3A5261862386 | G16: 47159 | N16: ACS20240900 | O16: RHF40ZVLT | P16: 4.04 | Q16: 4.1 | R16: 2.17 | S16: 2.08 | T16: 966 | U16: 1000 | V16: 369 | W16: 365 | X16: 6.15 | Y16: 5.96 | Z16: =X16/Y16 -> 1.0318792 | AG16: 1 | AH16: RHF40ZVLT | AI16: ACN1-113-2858
A17: TERTEC | B17: RA | C17: RHF50VAVLT | D17: FTHF50VAVLT | F17: CI3A5261862386 | G17: 47159 | N17: ACS20240899 | O17: RHF50VAVLT | P17: 5.25 | Q17: 5 | R17: 2.42 | S17: 2.335 | T17: 1305 | U17: 1315 | V17: 407 | W17: 410 | X17: 6.1 | Y17: 5.83 | Z17: =X17/Y17 -> 1.0463122 | AC17: 1120419 | AD17: 46557 | AE17: RHF50VAVLT | AG17: 1 | AH17: RHF50VAVLT | AI17: ACN1-113-0034
A18: TERTEC | B18: RA | C18: RHF50VVLT | D18: FTHF50VVLT | F18: CI3A5261862386 | G18: 47159 | N18: ACS20240900 | O18: RHF50VVLT | P18: 5.25 | Q18: 5 | R18: 2.42 | S18: 2.335 | T18: 1305 | U18: 1315 | V18: 407 | W18: 410 | X18: 6.1 | Y18: 5.83 | Z18: =X18/Y18 -> 1.0463122 | AC18: 1100314 | AD18: 46387 | AE18: RHF50VVLT | AG18: 1 | AH18: RHF50VVLT | AI18: ACN1-113-0220
A19: TERTEC | B19: RA | C19: RHF50ZVLT | D19: FTHF50ZVLT | F19: CI3A5261862386 | G19: 47159 | N19: ACS20240900 | O19: RHF50ZVLT | P19: 5.25 | Q19: 5 | R19: 2.42 | S19: 2.335 | T19: 1305 | U19: 1315 | V19: 407 | W19: 410 | X19: 6.1 | Y19: 5.83 | Z19: =X19/Y19 -> 1.0463122 | AC19: 1140478 | AD19: 46527 | AE19: RHF50ZVLT | AG19: 1 | AH19: RHF50ZVLT | AI19: ACN1-113-2859
A20: TERTEC | B20: RA | C20: RHF60VVLT | D20: FTHF60VVLT | F20: CI3A5261862386 | G20: 47159 | N20: ACS20240900 | O20: RHF60VVLT | P20: 6.17 | Q20: 6 | R20: 2.99 | S20: 2.9 | T20: 1748 | U20: 1720 | V20: 555 | W20: 520 | X20: 5.49 | Y20: 5.61 | Z20: =X20/Y20 -> 0.97860963 | AG20: 1 | AH20: RHF60VVLT | AI20: ACN1-115-0733
A21: TERTEC | B21: RA | C21: RHF60VAVLT | D21: FTHF60VAVLT | F21: CI3A5261862386 | G21: 47159 | N21: ACS20240899 | O21: RHF60VAVLT | P21: 6.17 | Q21: 6 | R21: 2.99 | S21: 2.9 | T21: 1748 | U21: 1720 | V21: 555 | W21: 520 | X21: 5.49 | Y21: 5.61 | Z21: =X21/Y21 -> 0.97860963 | AC21: 1120418 | AD21: 45657 | AE21: RHF60VAVLT | AG21: 1 | AH21: RHF60VAVLT | AI21: ACN1-115-0730
A22: TERTEC | B22: RA | C22: RHF60ZVLT | D22: FTHF60ZVLT | F22: CI3A5261862386 | G22: 47159 | N22: ACS20240900 | O22: RHF60ZVLT | P22: 6.17 | Q22: 6 | R22: 2.99 | S22: 2.9 | T22: 1748 | U22: 1720 | V22: 555 | W22: 520 | X22: 5.49 | Y22: 5.61 | Z22: =X22/Y22 -> 0.97860963 | AG22: 1 | AH22: RHF60ZVLT | AI22: ACN1-113-2860
A23: TERTEC | B23: RA | C23: RHF71VVLT | D23: FTHF71VVLT | F23: CI3A5261862397 | G23: 47159 | N23: ACS20240901 | O23: RHF71VVLT | P23: 7.41 | Q23: 7.2 | R23: 3.76 | S23: 3.6 | T23: 2177 | U23: 2150 | V23: 710 | W23: 675 | X23: 5.38 | Y23: 5.38 | Z23: =X23/Y23 -> 1 | AG23: 1 | AH23: RHF71VVLT | AI23: ACN1-115-0734
A24: TERTEC | B24: RA | C24: RHF71VAVLT | D24: FTHF71VAVLT | F24: CI3A5261862397 | G24: 47159 | N24: ACS20240901 | O24: RHF71VAVLT | P24: 7.41 | Q24: 7.2 | R24: 3.76 | S24: 3.6 | T24: 2177 | U24: 2150 | V24: 710 | W24: 675 | X24: 5.38 | Y24: 5.38 | Z24: =X24/Y24 -> 1 | AC24: 1120418 | AD24: 45657 | AE24: RHF71VAVLT | AG24: 1 | AH24: RHF71VAVLT | AI24: ACN1-115-0731
A25: TERTEC | B25: RA | C25: RHF71ZVLT | D25: FTHF71ZVLT | F25: CI3A5261862397 | G25: 47159 | N25: ACS20240901 | O25: RHF71ZVLT | P25: 7.41 | Q25: 7.2 | R25: 3.76 | S25: 3.6 | T25: 2177 | U25: 2150 | V25: 710 | W25: 675 | X25: 5.38 | Y25: 5.38 | Z25: =X25/Y25 -> 1 | AG25: 1 | AH25: RHF71ZVLT | AI25: ACN1-113-2861
A26: TERTEC | B26: RA | C26: RKF71XVLT | D26: FAA71XVLT | F26: CI3A5261862397 | G26: 47159 | N26: ACS20240901 | O26: RKF71XVLT | P26: 7.41 | Q26: 7.2 | R26: 3.76 | S26: 3.6 | T26: 2177 | U26: 2150 | V26: 710 | W26: 675 | X26: 5.38 | Y26: 5.38 | Z26: =X26/Y26 -> 1 | AC26: 1120418 | AD26: 45657 | AE26: RKF71XVLT | AG26: 2 | AH26: RKF71XVLT | AI26: ACN1-113-0223
A27: ETC | B27: RA | C27: RXM22ZVLT | D27: FTXM22ZVLT | F27: CI3A3161862171 | G27: 46670 | N27: 24-06-VAA-038 | O27: RXM22ZVLT | P27: 2.197 | Q27: 2.2 | R27: 1.032 | S27: 1.02 | T27: 415 | U27: 435 | V27: 160 | W27: 158 | X27: 6.99 | Y27: 6.9 | Z27: =X27/Y27 -> 1.0130435 | AC27: 1140323 | AD27: 46493 | AE27: RXM22ZVLT | AG27: 1 | AH27: RXM22ZVLT | AI27: ACN1-113-4128
A28: ETC | B28: RA | C28: RXM28ZVLT | D28: FTXM28ZVLT | F28: CI3A3161862171 | G28: 46670 | N28: 24-06-VAA-038 | O28: RXM28ZVLT | P28: 2.885 | Q28: 2.8 | R28: 1.267 | S28: 1.29 | T28: 594 | U28: 600 | V28: 202 | W28: 206 | X28: 6.69 | Y28: 6.6 | Z28: =X28/Y28 -> 1.0136364 | AC28: 1140323 | AD28: 46493 | AE28: RXM28ZVLT | AG28: 1 | AH28: RXM28ZVLT | AI28: ACN1-113-4127
A29: ETC | B29: RA | C29: RXM36ZVLT | D29: FTXM36ZVLT | F29: CI3A3161862182 | G29: 46675 | N29: 24-06-VAA-039 | O29: RXM36ZVLT | P29: 3.568 | Q29: 3.5 | R29: 1.706 | S29: 1.71 | T29: 764 | U29: 780 | V29: 260 | W29: 257 | X29: 6.83 | Y29: 6.84 | Z29: =X29/Y29 -> 0.99853801 | AC29: 1140323 | AD29: 46493 | AE29: RXM36ZVLT | AG29: 1 | AH29: RXM36ZVLT | AI29: ACN1-113-4278
A30: ETC | B30: RA | C30: RXM41ZVLT | D30: FTXM41ZVLT | F30: CI3A3161862193 | G30: 46687 | N30: 24-06-VAA-040 | O30: RXM41ZVLT | P30: 4.192 | Q30: 4.1 | R30: 1.947 | S30: 1.94 | T30: 994 | U30: 995 | V30: 307 | W30: 301 | X30: 6.48 | Y30: 6.52 | Z30: =X30/Y30 -> 0.99386503 | AC30: 1140323 | AD30: 46493 | AE30: RXM41ZVLT | AG30: 1 | AH30: RXM41ZVLT | AI30: ACN1-113-4279
A31: ETC | B31: RA | C31: RXM50ZVLT | D31: FTXM50ZVLT | F31: CI3A3161862193 | G31: 46687 | N31: 24-06-VAA-040 | O31: RXM50ZVLT | P31: 5.092 | Q31: 5 | R31: 2.361 | S31: 2.41 | T31: 1368 | U31: 1370 | V31: 394 | W31: 404 | X31: 6.01 | Y31: 5.97 | Z31: =X31/Y31 -> 1.0067002 | AC31: 1140323 | AD31: 46493 | AE31: RXM50ZVLT | AG31: 1 | AH31: RXM50ZVLT | AI31: ACN1-113-4280
A32: ETC | B32: RA | C32: RXM60ZVLT | D32: FTXM60ZVLT | F32: CI3A3161862221 | G32: 46696 | N32: 24-07-VAA-001 | O32: RXM60ZVLT | P32: 6.197 | Q32: 6 | R32: 2.924 | S32: 2.82 | T32: 1529 | U32: 1580 | V32: 454 | W32: 466 | X32: 6.36 | Y32: 6.2 | Z32: =X32/Y32 -> 1.0258065 | AC32: 1140322 | AD32: 46493 | AE32: RXM60ZVLT | AG32: 1 | AH32: RXM60ZVLT | AI32: ACN1-113-5397
A33: ETC | B33: RA | C33: RXM71ZVLT | D33: FTXM71ZVLT | F33: CI3A3161862232 | G33: 46698 | N33: 24-07-VAA-002 | O33: RXM71ZVLT | P33: 7.384 | Q33: 7.2 | R33: 3.467 | S33: 3.5 | T33: 2087 | U33: 2090 | V33: 605 | W33: 590 | X33: 5.75 | Y33: 5.86 | Z33: =X33/Y33 -> 0.98122867 | AC33: 1140322 | AD33: 46493 | AE33: RXM71ZVLT | AG33: 1 | AH33: RXM71ZVLT | AI33: ACN1-113-5407
A34: ETC | B34: RA | C34: RXM80ZVLT | D34: FTXM80ZVLT | F34: CI3A3161862240 | G34: 46698 | N34: 24-07-VAA-003 | O34: RXM80ZVLT | P34: 8.243 | Q34: 8 | R34: 3.652 | S34: 3.68 | T34: 2134 | U34: 2120 | V34: 630 | W34: 621 | X34: 5.92 | Y34: 5.98 | Z34: =X34/Y34 -> 0.98996656 | AC34: 1140322 | AD34: 46493 | AE34: RXM80ZVLT | AG34: 1 | AH34: RXM80ZVLT | AI34: ACN1-113-5408
A35: ETC | B35: RA | C35: RXM90ZVLT | D35: FTXM90ZVLT | F35: CI3A3161862240 | G35: 46698 | N35: 24-07-VAA-003 | O35: RXM90ZVLT | P35: 9.076 | Q35: 8.7 | R35: 4.052 | S35: 4.01 | T35: 2384 | U35: 2400 | V35: 724 | W35: 702 | X35: 5.75 | Y35: 5.76 | Z35: =X35/Y35 -> 0.99826389 | AC35: 1140322 | AD35: 46493 | AE35: RXM90ZVLT | AG35: 1 | AH35: RXM90ZVLT | AI35: ACN1-113-5409
A36: MIRDC | B36: RA | C36: RXM22YVLT | D36: FTXM22YVLT | F36: CI3A2561862024 | G36: 46388 | N36: 2306001-S | O36: RXM22YVLT | P36: 2.391 | Q36: 2.2 | R36: 1.099 | S36: 1.047 | T36: 371 | U36: 360 | V36: 145.9 | W36: 147 | X36: 8.26 | Y36: 7.81 | Z36: =X36/Y36 -> 1.0576184 | AC36: 11303718 | AD36: 46163 | AE36: RXM22YVLT | AG36: 1 | AH36: RXM22YVLT | AI36: ACN1-113-0293
A37: MIRDC | B37: RA | C37: RXM28YVLT | D37: FTXM28YVLT | F37: CI3A2561862024 | G37: 46388 | N37: 2306001-S | O37: RXM28YVLT | P37: 2.9979 | Q37: 2.8 | R37: 1.4023 | S37: 1.336 | T37: 512.3 | U37: 496 | V37: 188.1 | W37: 192 | X37: 7.97 | Y37: 7.51 | Z37: =X37/Y37 -> 1.0612517 | AC37: 11303718 | AD37: 46163 | AE37: RXM28YVLT | AG37: 1 | AH37: RXM28YVLT | AI37: ACN1-113-0294
A38: MIRDC | B38: RA | C38: RXM36YVLT | D38: FTXM36YVLT | F38: CI3A2561862024 | G38: 46388 | N38: 2306001-S | O38: RXM36YVLT | P38: 3.7719 | Q38: 3.5 | R38: 1.7536 | S38: 1.671 | T38: 760.6 | U38: 734 | V38: 237.3 | W38: 244 | X38: 7.57 | Y38: 7.09 | Z38: =X38/Y38 -> 1.067701 | AC38: 11303718 | AD38: 46163 | AE38: RXM36YVLT | AG38: 1 | AH38: RXM36YVLT | AI38: ACN1-113-0295
... A42: MIRDC | B42: RA | C42: RXM71YVLT | D42: FTXM71YVLT | F42: CI3A2561861990 | G42: 46388 | N42: 2306004-S | O42: RXM71YVLT | P42: 7.3933 | Q42: 7.2 | R42: 3.5503 | S42: 3.382 | T42: 1892.4 | U42: 1890 | V42: 514 | W42: 540 | X42: 6.77 | Y42: 6.25 | Z42: =X42/Y42 -> 1.0832 | AC42: 1130372 | AD42: 46163 | AE42: RXM71YVLT | AG42: 1 | AH42: RXM71YVLT | AI42: ACN1-113-0299
A43: TERTEC | B43: MA | C43: 3MXM90PVLT | F43: CI3A2261861837 | G43: 46187 | N43: ACT20230204 | O43: 3MXM90PVLT | P43: 8.57 | Q43: 8.5 | R43: 4.28 | S43: 4.28 | T43: 2247 | U43: 2330 | V43: 765 | W43: 765 | X43: 5.71 | Y43: 5.77 | Z43: =X43/Y43 -> 0.98960139 | AG43: 1 | AH43: 3MXM90PVLT | AI43: ACN1-113-0043
A44: TERTEC | B44: MA | C44: 3MXM90RVLT | F44: CI3A2261861837 | G44: 46187 | N44: ACS20160764 | O44: 3MXM90RVLT | P44: 8.57 | Q44: 8.5 | R44: 4.28 | S44: 4.28 | T44: 2247 | U44: 2330 | V44: 765 | W44: 765 | X44: 5.71 | Y44: 5.77 | Z44: =X44/Y44 -> 0.98960139 | AG44: 1 | AH44: 3MXM90RVLT | AI44: ACN1-113-0073
A45: TERTEC | B45: MA | C45: 2MXM56PVLT | F45: CI3A2261861848 | G45: 46192 | N45: ACT20230203 | O45: 2MXM56PVLT | P45: 5.55 | Q45: 5.56 | R45: 2.88 | S45: 2.85 | T45: 1362 | U45: 1370 | V45: 533 | W45: 540 | X45: 5.72 | Y45: 5.63 | Z45: =X45/Y45 -> 1.0159858 | AG45: 1 | AH45: 2MXM56PVLT | AI45: ACN1-113-0097
A46: TERTEC | B46: MA | C46: 2MXM56RVLT | F46: CI3A2261861848 | G46: 46192 | N46: ACS20160763 | O46: 2MXM56RVLT | P46: 5.55 | Q46: 5.56 | R46: 2.88 | S46: 2.85 | T46: 1362 | U46: 1370 | V46: 533 | W46: 540 | X46: 5.72 | Y46: 5.63 | Z46: =X46/Y46 -> 1.0159858 | AG46: 1 | AH46: 2MXM56RVLT | AI46: ACN1-113-0095
A47: TERTEC | B47: MA | C47: 2MXM75PVLT | F47: CI3A2261861848 | G47: 46192 | N47: ACT20230203 | O47: 2MXM75PVLT | P47: 7.58 | Q47: 7.2 | R47: 3.46 | S47: 3.45 | T47: 1930 | U47: 2000 | V47: 636 | W47: 640 | X47: 5.69 | Y47: 5.52 | Z47: =X47/Y47 -> 1.0307971 | AG47: 1 | AH47: 2MXM75PVLT | AI47: ACN1-113-0098
A48: TERTEC | B48: MA | C48: 2MXM75RVLT | F48: CI3A2261861848 | G48: 46192 | N48: ACS20160763 | O48: 2MXM75RVLT | P48: 7.58 | Q48: 7.2 | R48: 3.46 | S48: 3.45 | T48: 1930 | U48: 2000 | V48: 636 | W48: 640 | X48: 5.69 | Y48: 5.52 | Z48: =X48/Y48 -> 1.0307971 | AG48: 1 | AH48: 2MXM75RVLT | AI48: ACN1-113-0096
A49: TERTEC | B49: MA | C49: 2MXP85WVLT | F49: CI3A2261861848 | G49: 46192 | N49: ACS20210142 | O49: 2MXP85WVLT | P49: 8.72 | Q49: 8.5 | R49: 4.15 | S49: 4.25 | T49: 2698 | U49: 2730 | V49: 730 | W49: 765 | X49: 5.57 | Y49: 5.45 | Z49: =X49/Y49 -> 1.0220183 | AC49: 1100461 | AD49: 46623 | AE49: 2MXP85WVLT | AG49: 1 | AH49: 2MXP85WVLT | AI49: ACN1-113-0099
A50: ETC | B50: MA | C50: 2MXM56YVLT | F50: CI3A3161862072 | G50: 46416 | N50: 23-08-VAA-001 | O50: 2MXM56YVLT | P50: 5.521 | Q50: 5.6 | R50: 2.549 | S50: 2.52 | T50: 1359 | U50: 1375 | V50: 759 | W50: 750 | X50: 6.66 | Y50: 6.66 | Z50: =X50/Y50 -> 1 | AC50: 1131008 | AD50: 46366 | AE50: 2MXM56YVLT | AG50: 1 | AH50: 2MXM56YVLT | AI50: ACN1-113-0285 | AN50: 未配對室內機：FTXM22YVLT、FTXM28YVLT、FTXM36YVLT、FTXM41YVLT、FTXMS0YVLT、FTXM6GOYVLT
A51: ETC | B51: MA | C51: 2MXM75YVLT | F51: CI3A3161862072 | G51: 46416 | N51: 23-08-VAA-001 | O51: 2MXM75YVLT | P51: 7.152 | Q51: 7.2 | R51: 3.202 | S51: 3.24 | T51: 1774 | U51: 1810 | V51: 866 | W51: 860 | X51: 6.44 | Y51: 6.2 | Z51: =X51/Y51 -> 1.0387097 | AC51: 1131008 | AD51: 46366 | AE51: 2MXM75YVLT | AG51: 1 | AH51: 2MXM75YVLT | AI51: ACN1-113-0286
A52: ETC | B52: MA | C52: 3MXM90YVLT | F52: CI3A3161862118 | G52: 46410 | N52: 23-08-VAA-002 | O52: 3MXM90YVLT | P52: 8.544 | Q52: 8.5 | R52: 3.818 | S52: 3.825 | T52: 2070 | U52: 2100 | V52: 569 | W52: 616 | X52: 6.7 | Y52: 6.3 | Z52: =X52/Y52 -> 1.0634921 | AC52: 1131008 | AD52: 46366 | AE52: 3MXM90YVLT | AG52: 1 | AH52: 3MXM90YVLT | AI52: ACN1-113-0288 | AN52: 未配對室內機：FBA71BVLT
A53: ETC | B53: MA | C53: 4MXM110YVLT | F53: CI3A3161862130 | G53: 46416 | N53: 23-08-VAA-003 | O53: 4MXM110YVLT | P53: 10.177 | Q53: 10.5 | R53: 4.704 | S53: 4.725 | T53: 2565 | U53: 2600 | V53: 732 | W53: 743 | X53: 6.43 | Y53: 6.41 | Z53: =X53/Y53 -> 1.0031201 | AC53: 1131008 | AD53: 46366 | AE53: 4MXM110YVLT | AG53: 1 | AH53: 4MXM110YVLT | AI53: ACN1-113-0287 | AN53: 未配對室內機：FXAQ20AVLT、FXAQ25AVLT、FXAQ32AVLT、FXAQ40AVLT、FXAQ50AVLT、FXCQ20BVT、FXCQ25BVT、FXCQ32BVT、FXCQ40BVT、FXCQ50BVT、FXDQ20PDNVT、FXDQ20PDVT、FXDQ25PDNVT、FXDQ25PDVT、FXDQ32PDNVT、FXDQ32PDVT、FXDQ40NDNVT、FXDQ40NDVT、FXDQ50NDNVT、FXDQ50NDVT、FXFQ25BVT、FXFQ32BVT、FXFQ40BVT、FXFQ50BVT、FXFSQ25BVT、FXFSQ32BVT、FXFSQ40BVT、FXFSQ50BVT、FXMQ20PAVT、FXMQ25PAVT、FXMQ32PAVT、FXMQ40PAVT、FXMQ50PAVT、FXSQ20PAVT、FXSQ25PAVT、FXSQ32PAVT、FXSQ40PAVT、FXSQ50PAVT、FXZQ20BVLT、FXZQ25BVLT、FXZQ32BVLT、FXZQ40BVLT、FXZQ50BVLT
A54: TERTEC | B54: MA | C54: 2MXP50ZVLT | F54: CI3A3261862282 | G54: 46759 | N54: ACT20240804 | O54: 2MXP50ZVLT | P54: 4.784 | Q54: 5 | R54: 2.184 | S54: 2.25 | T54: 1532 | U54: 1520 | V54: 341 | W54: 375 | X54: 6 | Y54: 5.8 | Z54: =X54/Y54 -> 1.0344828 | AC54: 1140708 | AD54: 46583 | AE54: 2MXP50ZVLT | AG54: 1 | AH54: 2MXP50ZVLT | AI54: ACN1-114-0322 | AN54: 未配對室內機：FXCQ20MVET、FXCQ25、FXCQ40、FXCQ63MVET、FXCQ80MVET、FXCQ125MVET、FXFQ25、FXZQ20
A55: TERTEC | B55: MA | C55: 2MXP85ZVLT | F55: CI3A3261862290 | G55: 46759 | N55: ACT20240803 | O55: 2MXP85ZVLT | P55: 8.626 | Q55: 8.5 | R55: 4.232 | S55: 4.25 | T55: 2620 | U55: 2670 | V55: 720 | W55: 725 | X55: 5.75 | Y55: 5.7 | Z55: =X55/Y55 -> 1.0087719 | AC55: 1140708 | AD55: 46583 | AE55: 2MXP85ZVLT | AG55: 1 | AH55: 2MXP85ZVLT | AI55: ACN1-114-0323
A56: TERTEC | B56: MA | C56: 2MXP50TVLT | F56: CI3A9261861407 | G56: 46140 | N56: ACT20230017 | O56: 2MXP50TVLT | P56: 4.91 | Q56: 5 | R56: 2.16 | S56: 2.25 | T56: 1514 | U56: 1610 | V56: 368 | W56: 390 | X56: 5.68 | Y56: 5.55 | Z56: =X56/Y56 -> 1.0234234 | AG56: 2 | AH56: 2MXP50TVLT | AI56: ACN1-113-0083
A57: TERTEC | B57: MA | C57: 4MXM110PVLT | F57: CI3A9261861418 | G57: 46163 | N57: ACT20230205 | O57: 4MXM110PVLT | P57: 10.89 | Q57: 10.5 | R57: 5.3 | S57: 5.3 | T57: 2888 | U57: 2910 | V57: 989 | W57: 990 | X57: 5.57 | Y57: 5.51 | Z57: =X57/Y57 -> 1.0108893 | AG57: 1 | AH57: 4MXM110PVLT | AI57: ACN1-113-0044
A58: TERTEC | B58: MA | C58: 4MXM110RVLT | F58: CI3A9261861418 | G58: 46163 | N58: ACS20160765 | O58: 4MXM110RVLT | P58: 10.89 | Q58: 10.5 | R58: 5.3 | S58: 5.3 | T58: 2888 | U58: 2910 | V58: 989 | W58: 990 | X58: 5.57 | Y58: 5.51 | Z58: =X58/Y58 -> 1.0108893 | AG58: 1 | AH58: 4MXM110RVLT | AI58: ACN1-113-0075
A59: TERTEC | B59: SA | C59: RZAC100DYLT | D59: FCA100CVLT | F59: CI3A2261861890 | G59: 46227 | N59: ACT20230201 | O59: RZAC100DYLT | P59: 10.53 | Q59: 10.4 | R59: 4.98 | S59: 5.2 | T59: 2733 | U59: 2860 | V59: 870 | W59: 950 | X59: 5.87 | Y59: 5.61 | Z59: =X59/Y59 -> 1.0463458 | AC59: 1090969 | AD59: 46365 | AE59: RZAC100DYLT | AG59: 1 | AH59: RZAC100DYLT | AI59: ACN1-113-0169
A60: TERTEC | B60: SA | C60: RZAC71DVLT | D60: FCA71CVLT | F60: CI3A2261861906 | G60: 47323 | N60: ACT20230197 | O60: RZAC71DVLT | P60: 7.12 | Q60: 7.2 | R60: 3.46 | S60: 3.6 | T60: 1880 | U60: 1880 | V60: 571 | W60: 610 | X60: 6.1 | Y60: 6.01 | Z60: =X60/Y60 -> 1.014975 | AC60: 1090967 | AD60: 46365 | AE60: RZAC71DVLT | AG60: 1 | AH60: RZAC71DVLT | AI60: ACN1-113-0167
A61: TERTEC | B61: SA | C61: RZAC100DTLT | D61: FBA100BVLT | F61: CI3A9261861510 | G61: 46195 | N61: ACT20230200 | O61: RZAC100DTLT | P61: 10.62 | Q61: 10.4 | R61: 5.12 | S61: 5.2 | T61: 2607 | U61: 2860 | V61: 895 | W61: 950 | X61: 5.96 | Y61: 5.61 | Z61: =X61/Y61 -> 1.0623886 | AC61: 1090968 | AD61: 46365 | AE61: RZAC100DTLT | AG61: 1 | AH61: RZAC100DTLT | AI61: ACN1-113-0168
A62: TERTEC | B62: SA | C62: RZAC125DTLT | D62: FBA125BVLT | F62: CI3A9261861510 | G62: 46195 | N62: ACT20230200 | O62: RZAC125DTLT | P62: 12.71 | Q62: 12.5 | R62: 6.25 | S62: 6.25 | T62: 3550 | U62: 3750 | V62: 1171 | W62: 1190 | X62: 5.48 | Y62: 5.32 | Z62: =X62/Y62 -> 1.0300752 | AC62: 1090968 | AD62: 46365 | AE62: RZAC125DTLT | AG62: 1 | AH62: RZAC125DTLT | AI62: ACN1-113-0161
A63: TERTEC | B63: SA | C63: RZAC140DTLT | D63: FBA140BVLT | F63: CI3A9261861510 | G63: 46195 | N63: ACT20230200 | O63: RZAC140DTLT | P63: 14.32 | Q63: 14 | R63: 6.88 | S63: 7 | T63: 4643 | U63: 4700 | V63: 1350 | W63: 1340 | X63: 5.08 | Y63: 5.15 | Z63: =X63/Y63 -> 0.98640777 | AG63: 2 | AH63: RZAC140DTLT | AI63: ACN1-113-0164
A64: TERTEC | B64: SA | C64: RZAC71EVLT | D64: FCA71DVLT | F64: CI3A3261862204 | G64: 46704 | N64: ACT20240666 | O64: RZAC71EVLT | P64: 6.945 | Q64: 7.2 | R64: 3.785 | S64: 3.61 | T64: 2013 | U64: 1880 | V64: 615 | W64: 610 | X64: 6.1 | Y64: 6.02 | Z64: =X64/Y64 -> 1.013289 | AC64: 11404638 | AD64: 46519 | AE64: RZAC71EVLT | AG64: 1 | AH64: RZAC71EVLT | AI64: ACN1-113-5415
A65: TERTEC | B65: SA | C65: RZF71DVLT | D65: FCA71DVLT | F65: CI3A3261862215 | G65: 46704 | N65: ACT20230197 | O65: RZF71DVLT | P65: 7.12 | Q65: 7.2 | R65: 3.46 | S65: 3.6 | T65: 1880 | U65: 1880 | V65: 571 | W65: 610 | X65: 6.1 | Y65: 6.01 | Z65: =X65/Y65 -> 1.014975 | AC65: 11404638 | AD65: 46519 | AE65: RZF71DVLT | AG65: 1 | AH65: RZF71DVLT | AI65: ACN1-113-5414
A66: TERTEC | B66: SA | C66: RZAC125DVLT | D66: FBA125BVLT | F66: CI3A2261861860 | G66: 47316 | N66: ACT20230199 | O66: RZAC125DVLT | P66: 12.46 | Q66: 12.5 | R66: 6.18 | S66: 6.25 | T66: 3724 | U66: 3750 | V66: 1189 | W66: 1190 | X66: 5.28 | Y66: 5.32 | Z66: =X66/Y66 -> 0.9924812 | AC66: 1090967 | AD66: 46365 | AE66: RZAC125DVLT | AG66: 1 | AH66: RZAC125DVLT | AI66: ACN1-113-0162
A67: TERTEC | B67: SA | C67: RZAC140DVLT | D67: FCA140CVLT | F67: CI3A2261861860 | G67: 47316 | N67: ACT20230199 | O67: RZAC140DVLT | P67: 13.65 | Q67: 14 | R67: 6.68 | S67: 7 | T67: 4703 | U67: 4700 | V67: 1317 | W67: 1340 | X67: 4.99 | Y67: 5.15 | Z67: =X67/Y67 -> 0.96893204 | AG67: 2 | AH67: RZAC140DVLT | AI67: ACN1-113-0165
A68: TERTEC | B68: SA | C68: RZAC100DVLT | D68: FCA100CVLT | F68: CI3A2261861871 | G68: 47316 | N68: ACT20230198 | O68: RZAC100DVLT | P68: 11.3 | Q68: 10.4 | R68: 5.43 | S68: 5.2 | T68: 2601 | U68: 2860 | V68: 839 | W68: 950 | X68: 6.61 | Y68: 5.61 | Z68: =X68/Y68 -> 1.1782531 | AC68: 1090967 | AD68: 46365 | AE68: RZAC100DVLT | AG68: 1 | AH68: RZAC100DVLT | AI68: ACN1-113-0160
A69: TERTEC | B69: SA | C69: RZAC125DYLT | D69: FCA125CVLT | F69: CI3A2261861882 | G69: 47323 | N69: ACT20230202 | O69: RZAC125DYLT | P69: 12.6 | Q69: 12.5 | R69: 6.25 | S69: 6.25 | T69: 3589 | U69: 3750 | V69: 1164 | W69: 1190 | X69: 5.48 | Y69: 5.32 | Z69: =X69/Y69 -> 1.0300752 | AC69: 1090969 | AD69: 46365 | AE69: RZAC125DYLT | AG69: 1 | AH69: RZAC125DYLT | AI69: ACN1-113-0163
A70: TERTEC | B70: SA | C70: RZAC140DYLT | D70: FCA140CVLT | F70: CI3A2261861882 | G70: 47323 | N70: ACT20230202 | O70: RZAC140DYLT | P70: 13.95 | Q70: 14 | R70: 6.96 | S70: 7 | T70: 4552 | U70: 4700 | V70: 1348 | W70: 1340 | X70: 5.14 | Y70: 5.15 | Z70: =X70/Y70 -> 0.99805825 | AG70: 2 | AH70: RZAC140DYLT | AI70: ACN1-113-0166
A71: MIRDC | B71: SA | C71: RZAC140ETLT | D71: FCA140DVLT | F71: CI3A3561862086 | G71: 46439 | N71: 2306006-S | O71: RZAC140ETLT | P71: 14.8236 | Q71: 14 | R71: 6.3487 | S71: 6.39 | T71: 3873 | U71: 4700 | V71: 1075.3 | W71: 1010 | X71: 5.98 | Y71: 5.87 | Z71: =X71/Y71 -> 1.0187394 | AC71: 1131007 | AD71: 46366 | AE71: RZAC140ETLT | AG71: 1 | AH71: RZAC140ETLT | AI71: ACN1-113-0102
A72: MIRDC | B72: SA | C72: RZAC100ETLT | D72: FBA100BVLT | F72: C13A3561862097 | G72: 46440 | N72: 2306005-S | O72: RZAC100ETLT | P72: 10.2169 | Q72: 10.4 | R72: 5.222 | S72: 5.2 | T72: 2461.3 | U72: 2860 | V72: 920.7 | W72: 950 | X72: 5.96 | Y72: 5.61 | Z72: =X72/Y72 -> 1.0623886 | AC72: 1131007 | AD72: 46366 | AE72: RZAC100ETLT | AG72: 1 | AH72: RZAC100ETLT | AI72: ACN1-113-0100
A73: MIRDC | B73: SA | C73: RZAC125ETLT | D73: FCA125DVLT | F73: C13A3561862097 | G73: 46440 | N73: 2306005-S | O73: RZAC125ETLT | P73: 12.3501 | Q73: 12.5 | R73: 6.1284 | S73: 6.25 | T73: 3552.9 | U73: 3750 | V73: 1132.4 | W73: 1190 | X73: 5.49 | Y73: 5.32 | Z73: =X73/Y73 -> 1.0319549 | AC73: 1131007 | AD73: 46366 | AE73: RZAC125ETLT | AG73: 1 | AH73: RZAC125ETLT | AI73: ACN1-113-0101
A74: MIRDC | B74: SA | C74: RZF100DTLT | D74: FCA100DVLT | F74: CI3A3561862100 | G74: 46440 | N74: 2306007-S | O74: RZF100DTLT | P74: 10.5726 | Q74: 10.1 | R74: 5.4943 | S74: 5.25 | T74: 2.403.3 | U74: 2860 | V74: 938.9 | W74: 1020 | X74: 6.19 | Y74: 5.35 | Z74: =X74/Y74 -> 1.1570093 | AC74: 1131007 | AD74: 46366 | AE74: RZF100DTLT | AG74: 1 | AH74: RZF100DTLT | AI74: ACN1-113-0103
A75: MIRDC | B75: SA | C75: RZF125DTLT | D75: FCA125DVLT | F75: CI3A3561862100 | G75: 46440 | N75: 2306007-S | O75: RZF125DTLT | P75: 13.0057 | Q75: 12.5 | R75: 6.3876 | S75: 6.1 | T75: 3499.9 | U75: 4000 | V75: 1109.9 | W75: 1140 | X75: 5.85 | Y75: 5.29 | Z75: =X75/Y75 -> 1.1058601 | AC75: 1131007 | AD75: 46366 | AE75: RZF125DTLT | AG75: 1 | AH75: RZF125DTLT | AI75: ACN1-113-0104
A76: MIRDC | B76: SA | C76: RZF140DTLT | D76: FCA140DVLT | F76: CI3A3561862100 | G76: 46440 | N76: 2306007-S | O76: RZF140DTLT | P76: 14.2013 | Q76: 14 | R76: 6.6546 | S76: 6.44 | T76: 4009.6 | U76: 4800 | V76: 1175.6 | W76: 1170 | X76: 5.69 | Y76: 5.28 | Z76: =X76/Y76 -> 1.0776515 | AC76: 1131007 | AD76: 46366 | AE76: RZF140DTLT | AG76: 1 | AH76: RZF140DTLT | AI76: ACN1-113-0105
A77: ETC | B77: SA | C77: RZF100CVLT | D77: FBA100BVLT | F77: CI3A4161862352 | G77: 47090 | N77: 19-04-VAA-034 | O77: RZF100CVLT | P77: 13.909 | Q77: 10.1 | R77: 6.155 | S77: 5.05 | T77: 2625 | U77: 2880 | V77: 960 | W77: 970 | X77: 5.59 | Y77: 5.35 | Z77: =X77/Y77 -> 1.0448598 | AC77: 1090179 | AD77: 46387 | AE77: RZF100CVLT | AG77: 1 | AH77: RZF100CVLT | AI77: ACN1-113-0136
A78: ETC | B78: SA | C78: RZF125CVLT | D78: FBA125BVLT | F78: CI3A4161862352 | G78: 47090 | N78: 19-04-VAA-034 | O78: RZF125CVLT | P78: 12.825 | Q78: 12.5 | R78: 6.175 | S78: 6.1 | T78: 4005 | U78: 4000 | V78: 1214 | W78: 1200 | X78: 5.13 | Y78: 5.1 | Z78: =X78/Y78 -> 1.0058824 | AG78: 2 | AH78: RZF125CVLT | AI78: ACN1-113-0138
A79: ETC | B79: SA | C79: RZF140CVLT | D79: FCA140CVLT | F79: CI3A4161862352 | G79: 47090 | N79: 19-04-VAA-034 | O79: RZF140CVLT | P79: 9.957 | Q79: 14 | R79: 5.153 | S79: 6.4 | T79: 4833 | U79: 4800 | V79: 1215 | W79: 1240 | X79: 4.94 | Y79: 5.04 | Z79: =X79/Y79 -> 0.98015873 | AG79: 2 | AH79: RZF140CVLT | AI79: ACN1-113-0139
A80: ETC | B80: SA | C80: RZF100CYLT | D80: FBA100BVLT | F80: CI3A5161862405 | G80: 47236 | N80: 19-04-VAA-032 | O80: RZF100CYLT | P80: 9.724 | Q80: 10.1 | R80: 5.113 | S80: 5.05 | T80: 2573 | U80: 2880 | V80: 1043 | W80: 970 | X80: 5.22 | Y80: 5.35 | Z80: =X80/Y80 -> 0.97570093 | AC80: 1090179 | AD80: 46387 | AE80: RZF100CYLT | AG80: 1 | AH80: RZF100CYLT | AI80: ACN1-113-0137
A81: ETC | B81: SA | C81: RZF125CYLT | D81: FBA125BVLT | F81: CI3A5161862405 | G81: 47236 | N81: 23-01-VAA-006 | O81: RZF125CYLT | P81: 12.807 | Q81: 12.5 | R81: 6.024 | S81: 6.1 | T81: 3882 | U81: 4000 | V81: 1205 | W81: 1200 | X81: 5.1 | Y81: 5.1 | Z81: =X81/Y81 -> 1 | AG81: 2 | AH81: RZF125CYLT | AI81: ACN1-113-0145
A82: ETC | B82: SA | C82: RZF140CYLT | D82: FCA140CVLT | F82: CI3A5161862405 | G82: 47236 | N82: 23-01-VAA-006 | O82: RZF140CYLT | P82: 13.967 | Q82: 14 | R82: 6.42 | S82: 6.4 | T82: 4888 | U82: 4800 | V82: 1303 | W82: 1240 | X82: 4.84 | Y82: 5.04 | Z82: =X82/Y82 -> 0.96031746 | AG82: 2 | AH82: RZF140CYLT | AI82: ACN1-113-0147
A83: TERTEC | B83: VRV | C83: RSUYQ112AVT | F83: CI3A2261861779 | G83: 47192 | N83: ACT20220493 | O83: RSUYQ112AVT | P83: 10.71 | Q83: 11.2 | R83: 4.82 | S83: 5.04 | T83: 2334 | U83: 2350 | V83: 752 | W83: 744 | X83: 6.68 | Y83: 7.03 | Z83: =X83/Y83 -> 0.95021337 | AC83: 1120675 | AD83: 46651 | AE83: RSUYQ112AVT | AG83: 1 | AH83: RSUYQ112AVT | AI83: ACN1-113-0248
A84: TERTEC | B84: VRV | C84: RSUYQ125AVT | F84: CI3A2261861779 | G84: 47192 | N84: ACT20220493 | O84: RSUYQ125AVT | P84: 11.96 | Q84: 12.5 | R84: 5.39 | S84: 5.63 | T84: 2801 | U84: 2780 | V84: 839 | W84: 833 | X84: 6.56 | Y84: 6.9 | Z84: =X84/Y84 -> 0.95072464 | AC84: 1120675 | AD84: 46651 | AE84: RSUYQ125AVT | AG84: 1 | AH84: RSUYQ125AVT | AI84: ACN1-113-0249
A85: TERTEC | B85: VRV | C85: RSUYQ140AVT | F85: CI3A2261861779 | G85: 47192 | N85: ACT20220493 | O85: RSUYQ140AVT | P85: 13.43 | Q85: 14 | R85: 6.02 | S85: 6.3 | T85: 3229 | U85: 3200 | V85: 983 | W85: 980 | X85: 6.29 | Y85: 6.61 | Z85: =X85/Y85 -> 0.9515885 | AC85: 1120675 | AD85: 46651 | AE85: RSUYQ140AVT | AG85: 1 | AH85: RSUYQ140AVT | AI85: ACN1-113-0250
A86: TERTEC | B86: VRV | C86: RSUYQ160AVT | F86: CI3A2261861779 | G86: 47192 | N86: ACT20220493 | O86: RSUYQ160AVT | P86: 15.4 | Q86: 16 | R86: 6.86 | S86: 7.2 | T86: 4164 | U86: 4130 | V86: 1121 | W86: 1120 | X86: 6.08 | Y86: 6.38 | Z86: =X86/Y86 -> 0.95297806 | AC86: 1120675 | AD86: 46651 | AE86: RSUYQ160AVT | AG86: 1 | AH86: RSUYQ160AVT | AI86: ACN1-113-0251
A87: TERTEC | B87: VRV | C87: RXYMQ6TVET | F87: CI3A2261861768 | G87: 47163 | N87: ACS20160671 | O87: RXYMQ6TVET | P87: 16.05 | Q87: 15.5 | R87: 6.94 | S87: 7.25 | T87: 4441 | U87: 4790 | V87: 1492 | W87: 1460 | X87: 5.08 | Y87: 5.18 | Z87: =X87/Y87 -> 0.98069498 | AC87: 106424 | AD87: 46591 | AE87: RXYMQ6TVET | AG87: 1 | AH87: RXYMQ6TVET | AI87: ACN1-113-0357
A88: TERTEC | B88: VRV | C88: RXYMQ8TYLT | F88: CI3A2261861859 | G88: 47304 | N88: ACS20160672 | O88: RXYMQ8TYLT | P88: 19.27 | Q88: 20 | R88: 10.14 | S88: 10.5 | T88: 5563 | U88: 5910 | V88: 2262 | W88: 2260 | X88: 4.78 | Y88: 4.88 | Z88: =X88/Y88 -> 0.9795082 | AG88: 2 | AH88: RXYMQ8TYLT | AI88: ACN1-113-0359
A89: TERTEC | B89: VRV | C89: RXYMQ10TYLT | F89: CI3A2261861859 | G89: 47304 | N89: ACS20160672 | O89: RXYMQ10TYLT | P89: 23.14 | Q89: 24 | R89: 11.72 | S89: 12.1 | T89: 7159 | U89: 7510 | V89: 2562 | W89: 2550 | X89: 4.76 | Y89: 4.88 | Z89: =X89/Y89 -> 0.97540984 | AG89: 2 | AH89: RXYMQ10TYLT | AI89: ACN1-113-0358
A90: TERTEC | B90: VRV | C90: REYQ20BYLT | F90: CI3A4261862324 | G90: 46772 | N90: ACT20240697 | O90: REYQ20BYLT | P90: 53.365 | Q90: 56 | R90: 24.161 | S90: 25.2 | T90: 18435 | U90: 17680 | V90: 4932 | W90: 4970 | X90: 4.84 | Y90: 5.09 | Z90: =X90/Y90 -> 0.95088409 | AG90: 1 | AH90: REYQ20BYLT | AI90: ACN1-114-0581
A91: TERTEC | B91: VRV | C91: REYQ16BYLT | F91: CI3A4261862335 | G91: 46772 | N91: ACT20240698 | O91: REYQ16BYLT | P91: 43.582 | Q91: 45 | R91: 20.274 | S91: 20.3 | T91: 13595 | U91: 12840 | V91: 3677 | W91: 3550 | X91: 5.43 | Y91: 5.71 | Z91: =X91/Y91 -> 0.95096322 | AC91: 1140793 | AD91: 46611 | AE91: REYQ16BYLT | AG91: 1 | AH91: REYQ16BYLT | AI91: ACN1-114-0580
A92: TERTEC | B92: VRV | C92: REYQ12BYLT | F92: CI3A4261862346 | G92: 46815 | N92: ACT20240696 | O92: REYQ12BYLT | P92: 32.027 | Q92: 33.5 | R92: 14.52 | S92: 15.1 | T92: 12931 | U92: 12430 | V92: 2851 | W92: 2870 | X92: 5.12 | Y92: 5.38 | Z92: =X92/Y92 -> 0.95167286 | AC92: 1140793 | AD92: 46611 | AE92: REYQ12BYLT | AG92: 1 | AH92: REYQ12BYLT | AI92: ACN1-114-1006
A93: TERTEC | B93: VRV | C93: RXQ8AYLT | F93: CI3A1261861648 | G93: 46843 | N93: ACT20200558 | O93: RXQ8AYLT | P93: 22.01 | Q93: 22.4 | R93: 10.16 | S93: 10.3 | T93: 5397 | U93: 5320 | V93: 1820 | W93: 1760 | X93: 5.85 | Y93: 6.11 | Z93: =X93/Y93 -> 0.95744681 | AC93: 1110286 | AD93: 46165 | AE93: RXQ8AYLT | AG93: 1 | AH93: RXQ8AYLT | AI93: ACN1-113-0246
A94: TERTEC | B94: VRV | C94: RXQ14AYLT | F94: CI3A1261861659 | G94: 46850 | N94: ACT20200559 | O94: RXQ14AYLT | P94: 39.59 | Q94: 40 | R94: 17.23 | S94: 18.1 | T94: 12179 | U94: 11350 | V94: 3383 | W94: 3420 | X94: 5.14 | Y94: 5.41 | Z94: =X94/Y94 -> 0.95009242 | AC94: 1110286 | AD94: 46165 | AE94: RXQ14AYLT | AG94: 1 | AH94: RXQ14AYLT | AI94: ACN1-113-0279
A95: TERTEC | B95: VRV | C95: RXQ10AYLT | F95: CI3A2261861791 | G95: 47253 | N95: ACS20200463 | O95: RXQ10AYLT | P95: 27.01 | Q95: 28 | R95: 12.84 | S95: 12.6 | T95: 7361 | U95: 7260 | V95: 2313 | W95: 2260 | X95: 5.67 | Y95: 5.76 | Z95: =X95/Y95 -> 0.984375 | AC95: 1100460 | AD95: 46623 | AE95: RXQ10AYLT | AG95: 1 | AH95: RXQ10AYLT | AI95: ACN1-113-0242
A96: TERTEC | B96: VRV | C96: RXQ12AYLT | F96: CI3A2261861791 | G96: 47253 | N96: ACT20190481 | O96: RXQ12AYLT | P96: 33.56 | Q96: 33.5 | R96: 15.97 | S96: 16 | T96: 9945 | U96: 9260 | V96: 2895 | W96: 2940 | X96: 5.52 | Y96: 5.56 | Z96: =X96/Y96 -> 0.99280576 | AC96: 1090292 | AD96: 46134 | AE96: RXQ12AYLT | AG96: 1 | AH96: RXQ12AYLT | AI96: ACN1-113-0243
A97: TERTEC | B97: VRV | C97: RXQ16AYLT | F97: CI3A2261861804 | G97: 47255 | N97: ACT20190482 | O97: RXQ16AYLT | P97: 44.09 | Q97: 45 | R97: 19.76 | S97: 20.3 | T97: 13104 | U97: 12150 | V97: 3662 | W97: 3640 | X97: 5.41 | Y97: 5.69 | Z97: =X97/Y97 -> 0.95079086 | AC97: 1090292 | AD97: 46134 | AE97: RXQ16AYLT | AG97: 1 | AH97: RXQ16AYLT | AI97: ACN1-113-0244
A98: TERTEC | B98: VRV | C98: RXQ18AYLT | F98: CI3A2261861815 | G98: 47255 | N98: ACS20200464 | O98: RXQ18AYLT | P98: 48.76 | Q98: 50 | R98: 21.97 | S98: 22.5 | T98: 15190 | U98: 14820 | V98: 4398 | W98: 4280 | X98: 5.05 | Y98: 5.31 | Z98: =X98/Y98 -> 0.95103578 | AC98: 1100460 | AD98: 46623 | AE98: RXQ18AYLT | AG98: 1 | AH98: RXQ18AYLT | AI98: ACN1-113-0241
A99: TERTEC | B99: VRV | C99: RXQ20AYLT | F99: CI3A2261861815 | G99: 47255 | N99: ACT20190483 | O99: RXQ20AYLT | P99: 52.81 | Q99: 54 | R99: 24.12 | S99: 24.7 | T99: 17363 | U99: 16240 | V99: 4826 | W99: 4940 | X99: 4.98 | Y99: 5.11 | Z99: =X99/Y99 -> 0.97455969 | AG99: 1 | AH99: RXQ20AYLT | AI99: ACN1-113-0245
A100: TERTEC | B100: VRV | C100: RXYQ10AYLT | F100: CI3A2261861939 | G100: 46255 | N100: ACT20190061 | O100: RXYQ10AYLT | P100: 27.49 | Q100: 28 | R100: 12.15 | S100: 12.6 | T100: 7632 | U100: 7090 | V100: 2354 | W100: 2360 | X100: 5.34 | Y100: 5.62 | Z100: =X100/Y100 -> 0.95017794 | AC100: 1090725 | AD100: 46288 | AE100: RXYQ10AYLT | AG100: 1 | AH100: RXYQ10AYLT | AI100: ACN1-113-0217
A101: TERTEC | B101: VRV | C101: RXYQ12AYLT | F101: CI3A2261861939 | G101: 46255 | N101: ACT20190061 | O101: RXYQ12AYLT | P101: 32.54 | Q101: 33.5 | R101: 15.55 | S101: 16 | T101: 10444 | U101: 9970 | V101: 3037 | W101: 3000 | X101: 5.11 | Y101: 5.38 | Z101: =X101/Y101 -> 0.94981413 | AC101: 1090725 | AD101: 46288 | AE101: RXYQ12AYLT | AG101: 1 | AH101: RXYQ12AYLT | AI101: ACN1-113-0218
A102: TERTEC | B102: VRV | C102: RXYQ14AYLT | F102: CI3A2261861940 | G102: 46257 | N102: ACT20190286 | O102: RXYQ14AYLT | P102: 40.18 | Q102: 40 | R102: 17.7 | S102: 18.1 | T102: 12988 | U102: 12080 | V102: 3465 | W102: 3400 | X102: 5.07 | Y102: 5.33 | Z102: =X102/Y102 -> 0.95121951 | AC102: 1090725 | AD102: 46288 | AE102: RXYQ14AYLT | AG102: 1 | AH102: RXYQ14AYLT | AI102: ACN1-113-0215
A103: TERTEC | B103: VRV | C103: RXYQ8AYLT | F103: CI3A2261861951 | G103: 46262 | N103: ACT20190060 | O103: RXYQ8AYLT | P103: 21.88 | Q103: 22.4 | R103: 10.1 | S103: 10.3 | T103: 5945 | U103: 5650 | V103: 1829 | W103: 1810 | X103: 5.61 | Y103: 5.89 | Z103: =X103/Y103 -> 0.9524618 | AC103: 1090725 | AD103: 46288 | AE103: RXYQ8AYLT | AG103: 1 | AH103: RXYQ8AYLT | AI103: ACN1-113-0216
...

Sheet 工作表2
A1: 實驗室 | B1: 類別 | C1: 室外機型號 | D1: 測試搭配 (無風管內機型號) | E1: 核備 | F1: 商品驗證登錄證書編號 | G1: 證書有效 期限 | H1: 2027年 年費 | I1: 已展延 | J1: 分類 | K1: 計算用 | L1: 計算用 | M1: 計算用 | N1: 安規測試 報告編號 | O1: 室外機型號 | P1: 額定冷氣能力 | R1: 中間冷氣能力 | T1: 額定消耗功率 | V1: 額定中間消耗功率 | X1: 冷氣季節性能因數 CSPF | Z1: 效率等級 | AA1: 標準 | AB1: 符合CSPF 節能標章 | AC1: 節能標章 證書編號 | AD1: 節能標章 有效日期 | AE1: 分類 | AF1: 剩餘天數 | AG1: 能源效率分級 | AH1: 商品驗證登錄證書URL | AI1: 節能標章 證書編號 URL | AJ1: 安規報告書URL | AK1: 能源效率分級URL
N2: 核對用 | P2: 實測值 | Q2: 標示值 | R2: 實測值 | S2: 標示值 | T2: 實測值 | U2: 標示值 | V2: 實測值 | W2: 標示值 | X2: 實測值 | Y2: 標示值
AL51: 未配對室內機：FTXM22YVLT、FTXM28YVLT、FTXM36YVLT、FTXM41YVLT、FTXMS0YVLT、FTXM6GOYVLT
AL52: 未配對室內機：FBA71BVLT
AL53: 未配對室內機：FXAQ20AVLT、FXAQ25AVLT、FXAQ32AVLT、FXAQ40AVLT、FXAQ50AVLT、FXCQ20BVT、FXCQ25BVT、FXCQ32BVT、FXCQ40BVT、FXCQ50BVT、FXDQ20PDNVT、FXDQ20PDVT、FXDQ25PDNVT、FXDQ25PDVT、FXDQ32PDNVT、FXDQ32PDVT、FXDQ40NDNVT、FXDQ40NDVT、FXDQ50NDNVT、FXDQ50NDVT、FXFQ25BVT、FXFQ32BVT、FXFQ40BVT、FXFQ50BVT、FXFSQ25BVT、FXFSQ32BVT、FXFSQ40BVT、FXFSQ50BVT、FXMQ20PAVT、FXMQ25PAVT、FXMQ32PAVT、FXMQ40PAVT、FXMQ50PAVT、FXSQ20PAVT、FXSQ25PAVT、FXSQ32PAVT、FXSQ40PAVT、FXSQ50PAVT、FXZQ20BVLT、FXZQ25BVLT、FXZQ32BVLT、FXZQ40BVLT、FXZQ50BVLT
AL54: 未配對室內機：FXCQ20MVET、FXCQ25、FXCQ40、FXCQ63MVET、FXCQ80MVET、FXCQ125MVET、FXFQ25、FXZQ20

Sheet 到期清單
A1: 商品驗證登錄證書 — 即將到期（90天內） | F1: 節能標章 — 即將到期（90天內）
A2: 證書編號 | B2: 有效日期 | C2: 剩餘天數 | D2: 類別 | F2: 證書編號 | G2: 有效日期 | H2: 剩餘天數 | I2: 類別
A3: CI3A2261861837 | B3: 46187 | C3: 23 | D3: MA | F3: 1110286 | G3: 46165 | H3: 1 | I3: VRV
A4: CI3A2261861848 | B4: 46192 | C4: 28 | D4: MA
A5: CI3A2261861890 | B5: 46227 | C5: 63 | D5: SA
A6: CI3A9261861510 | B6: 46195 | C6: 31 | D6: SA
A7: CI3A2261861917 | B7: 46235 | C7: 71 | D7: VRV
A8: CI3A2261861928 | B8: 46241 | C8: 77 | D8: VRV

Sheet 圖表資料
A1: 圖表資料（自動計算）
A3: 商品驗證 各類別 | D3: 節能標章 各類別
A4: 類別 | B4: 有效張數（去重） | D4: 類別 | E4: 有效張數（去重）
A5: RA | B5: =SUMPRODUCT((工作表1!B$3:B$131="RA")*(工作表1!G$3:G$131>=TODAY())*(工作表1!F$3:F$131<>"")/IF(COUNTIFS(工作表1!B$3:B$131,"RA",工作表1!F$3:F$131,工作表1!F$3:F$131)=0,1,COUNTIFS(工作表1!B$3:B$131,"RA",工作表1!F$3:F$131,工作表1!F$3:F$131))) -> 14 | D5: RA | E5: {=SUM(--(FREQUENCY(IF((工作表1!B$3:B$195="RA")*(工作表1!AD$3:AD$195>=TODAY())*(工作表1!AC$3:AC$195<>""),MATCH(工作表1!AC$3:AC$195,工作表1!AC$3:AC$195,0)),ROW(工作表1!AC$3:AC$195)-ROW(工作表1!AC$3)+1)>0))} -> 12
A6: MA | B6: =SUMPRODUCT((工作表1!B$3:B$131="MA")*(工作表1!G$3:G$131>=TODAY())*(工作表1!F$3:F$131<>"")/IF(COUNTIFS(工作表1!B$3:B$131,"MA",工作表1!F$3:F$131,工作表1!F$3:F$131)=0,1,COUNTIFS(工作表1!B$3:B$131,"MA",工作表1!F$3:F$131,工作表1!F$3:F$131))) -> 11 | D6: MA | E6: {=SUMPRODUCT((工作表1!B$3:B$195="MA")*(工作表1!AD$3:AD$195>=TODAY())*(工作表1!AC$3:AC$195<>"")/IF(COUNTIFS(工作表1!B$3:B$195,"MA",工作表1!AC$3:AC$195,工作表1!AC$3:AC$195)=0,1,COUNTIFS(工作表1!B$3:B$195,"MA",工作表1!AC$3:AC$195,工作表1!AC$3:AC$195)))} -> 3
A7: SA | B7: =SUMPRODUCT((工作表1!B$3:B$131="SA")*(工作表1!G$3:G$131>=TODAY())*(工作表1!F$3:F$131<>"")/IF(COUNTIFS(工作表1!B$3:B$131,"SA",工作表1!F$3:F$131,工作表1!F$3:F$131)=0,1,COUNTIFS(工作表1!B$3:B$131,"SA",工作表1!F$3:F$131,工作表1!F$3:F$131))) -> 24 | D7: SA | E7: {=SUMPRODUCT((工作表1!B$3:B$195="SA")*(工作表1!AD$3:AD$195>=TODAY())*(工作表1!AC$3:AC$195<>"")/IF(COUNTIFS(工作表1!B$3:B$195,"SA",工作表1!AC$3:AC$195,工作表1!AC$3:AC$195)=0,1,COUNTIFS(工作表1!B$3:B$195,"SA",工作表1!AC$3:AC$195,工作表1!AC$3:AC$195)))} -> 6
A8: VRV | B8: =SUMPRODUCT((工作表1!B$3:B$131="VRV")*(工作表1!G$3:G$131>=TODAY())*(工作表1!F$3:F$131<>"")/IF(COUNTIFS(工作表1!B$3:B$131,"VRV",工作表1!F$3:F$131,工作表1!F$3:F$131)=0,1,COUNTIFS(工作表1!B$3:B$131,"VRV",工作表1!F$3:F$131,工作表1!F$3:F$131))) -> 45 | D8: VRV | E8: {=SUMPRODUCT((工作表1!B$3:B$195="VRV")*(工作表1!AD$3:AD$195>=TODAY())*(工作表1!AC$3:AC$195<>"")/IF(COUNTIFS(工作表1!B$3:B$195,"VRV",工作表1!AC$3:AC$195,工作表1!AC$3:AC$195)=0,1,COUNTIFS(工作表1!B$3:B$195,"VRV",工作表1!AC$3:AC$195,工作表1!AC$3:AC$195)))} -> 11
A9: 合計 | B9: =SUMPRODUCT((工作表1!G$3:G$131>=TODAY())*(工作表1!F$3:F$131<>"")/COUNTIF(工作表1!F$3:F$131,工作表1!F$3:F$131&"")) -> 66 | D9: 合計 | E9: =SUMPRODUCT((工作表1!AD$3:AD$195>=TODAY())*(工作表1!AC$3:AC$195<>"")/COUNTIF(工作表1!AC$3:AC$195,工作表1!AC$3:AC$195&"")) -> 31
A11: 每半年到期件數（合併）
A12: 期間 | B12: 商品驗證 | D12: 節能標章
A13: =IF(MONTH(EDATE(DATE(YEAR(TODAY()),IF(MONTH(TODAY())<=6,1,7),1),0))<=6,TEXT(YEAR(EDATE(DATE(YEAR(TODAY()),IF(MONTH(TODAY())<=6,1,7),1),0)),"0000")&"上半",TEXT(YEAR(EDATE(DATE(YEAR(TODAY()),IF(MONTH(TODAY())<=6,1,7),1),0)),"0000")&"下半") -> 2026上半 | B13: =COUNTIFS(工作表1!G$3:G$131,">="&EDATE(DATE(YEAR(TODAY()),IF(MONTH(TODAY())<=6,1,7),1),0),工作表1!G$3:G$131,"<="&(EDATE(DATE(YEAR(TODAY()),IF(MONTH(TODAY())<=6,1,7),1),6)-1)) -> 14 | D13: =COUNTIFS(工作表1!AD$3:AD$131,">="&EDATE(DATE(YEAR(TODAY()),IF(MONTH(TODAY())<=6,1,7),1),0),工作表1!AD$3:AD$131,"<="&(EDATE(DATE(YEAR(TODAY()),IF(MONTH(TODAY())<=6,1,7),1),6)-1)) -> 11
A14: =IF(MONTH(EDATE(DATE(YEAR(TODAY()),IF(MONTH(TODAY())<=6,1,7),1),6))<=6,TEXT(YEAR(EDATE(DATE(YEAR(TODAY()),IF(MONTH(TODAY())<=6,1,7),1),6)),"0000")&"上半",TEXT(YEAR(EDATE(DATE(YEAR(TODAY()),IF(MONTH(TODAY())<=6,1,7),1),6)),"0000")&"下半") -> 2026下半 | B14: =COUNTIFS(工作表1!G$3:G$131,">="&EDATE(DATE(YEAR(TODAY()),IF(MONTH(TODAY())<=6,1,7),1),6),工作表1!G$3:G$131,"<="&(EDATE(DATE(YEAR(TODAY()),IF(MONTH(TODAY())<=6,1,7),1),12)-1)) -> 12 | D14: =COUNTIFS(工作表1!AD$3:AD$131,">="&EDATE(DATE(YEAR(TODAY()),IF(MONTH(TODAY())<=6,1,7),1),6),工作表1!AD$3:AD$131,"<="&(EDATE(DATE(YEAR(TODAY()),IF(MONTH(TODAY())<=6,1,7),1),12)-1)) -> 28
A15: =IF(MONTH(EDATE(DATE(YEAR(TODAY()),IF(MONTH(TODAY())<=6,1,7),1),12))<=6,TEXT(YEAR(EDATE(DATE(YEAR(TODAY()),IF(MONTH(TODAY())<=6,1,7),1),12)),"0000")&"上半",TEXT(YEAR(EDATE(DATE(YEAR(TODAY()),IF(MONTH(TODAY())<=6,1,7),1),12)),"0000")&"下半") -> 2027上半 | B15: =COUNTIFS(工作表1!G$3:G$131,">="&EDATE(DATE(YEAR(TODAY()),IF(MONTH(TODAY())<=6,1,7),1),12),工作表1!G$3:G$131,"<="&(EDATE(DATE(YEAR(TODAY()),IF(MONTH(TODAY())<=6,1,7),1),18)-1)) -> 27 | D15: =COUNTIFS(工作表1!AD$3:AD$131,">="&EDATE(DATE(YEAR(TODAY()),IF(MONTH(TODAY())<=6,1,7),1),12),工作表1!AD$3:AD$131,"<="&(EDATE(DATE(YEAR(TODAY()),IF(MONTH(TODAY())<=6,1,7),1),18)-1)) -> 26
A16: =IF(MONTH(EDATE(DATE(YEAR(TODAY()),IF(MONTH(TODAY())<=6,1,7),1),18))<=6,TEXT(YEAR(EDATE(DATE(YEAR(TODAY()),IF(MONTH(TODAY())<=6,1,7),1),18)),"0000")&"上半",TEXT(YEAR(EDATE(DATE(YEAR(TODAY()),IF(MONTH(TODAY())<=6,1,7),1),18)),"0000")&"下半") -> 2027下半 | B16: =COUNTIFS(工作表1!G$3:G$131,">="&EDATE(DATE(YEAR(TODAY()),IF(MONTH(TODAY())<=6,1,7),1),18),工作表1!G$3:G$131,"<="&(EDATE(DATE(YEAR(TODAY()),IF(MONTH(TODAY())<=6,1,7),1),24)-1)) -> 16 | D16: =COUNTIFS(工作表1!AD$3:AD$131,">="&EDATE(DATE(YEAR(TODAY()),IF(MONTH(TODAY())<=6,1,7),1),18),工作表1!AD$3:AD$131,"<="&(EDATE(DATE(YEAR(TODAY()),IF(MONTH(TODAY())<=6,1,7),1),24)-1)) -> 18
A17: =IF(MONTH(EDATE(DATE(YEAR(TODAY()),IF(MONTH(TODAY())<=6,1,7),1),24))<=6,TEXT(YEAR(EDATE(DATE(YEAR(TODAY()),IF(MONTH(TODAY())<=6,1,7),1),24)),"0000")&"上半",TEXT(YEAR(EDATE(DATE(YEAR(TODAY()),IF(MONTH(TODAY())<=6,1,7),1),24)),"0000")&"下半") -> 2028上半 | B17: =COUNTIFS(工作表1!G$3:G$131,">="&EDATE(DATE(YEAR(TODAY()),IF(MONTH(TODAY())<=6,1,7),1),24),工作表1!G$3:G$131,"<="&(EDATE(DATE(YEAR(TODAY()),IF(MONTH(TODAY())<=6,1,7),1),30)-1)) -> 7 | D17: =COUNTIFS(工作表1!AD$3:AD$131,">="&EDATE(DATE(YEAR(TODAY()),IF(MONTH(TODAY())<=6,1,7),1),24),工作表1!AD$3:AD$131,"<="&(EDATE(DATE(YEAR(TODAY()),IF(MONTH(TODAY())<=6,1,7),1),30)-1)) -> 0
A18: =IF(MONTH(EDATE(DATE(YEAR(TODAY()),IF(MONTH(TODAY())<=6,1,7),1),30))<=6,TEXT(YEAR(EDATE(DATE(YEAR(TODAY()),IF(MONTH(TODAY())<=6,1,7),1),30)),"0000")&"上半",TEXT(YEAR(EDATE(DATE(YEAR(TODAY()),IF(MONTH(TODAY())<=6,1,7),1),30)),"0000")&"下半") -> 2028下半 | B18: =COUNTIFS(工作表1!G$3:G$131,">="&EDATE(DATE(YEAR(TODAY()),IF(MONTH(TODAY())<=6,1,7),1),30),工作表1!G$3:G$131,"<="&(EDATE(DATE(YEAR(TODAY()),IF(MONTH(TODAY())<=6,1,7),1),36)-1)) -> 6 | D18: =COUNTIFS(工作表1!AD$3:AD$131,">="&EDATE(DATE(YEAR(TODAY()),IF(MONTH(TODAY())<=6,1,7),1),30),工作表1!AD$3:AD$131,"<="&(EDATE(DATE(YEAR(TODAY()),IF(MONTH(TODAY())<=6,1,7),1),36)-1)) -> 0
G20: 能效分級統計（AG欄）
G21: 類別 | H21: 1級 | I21: 2級 | J21: 3級 | K21: 合計
G22: RA | H22: =COUNTIFS(工作表1!B$3:B$131,"RA",工作表1!AG$3:AG$131,1) -> 41 | I22: =COUNTIFS(工作表1!B$3:B$131,"RA",工作表1!AG$3:AG$131,2) -> 1 | J22: =COUNTIFS(工作表1!B$3:B$131,"RA",工作表1!AG$3:AG$131,3) -> 0 | K22: =COUNTIF(工作表1!B$3:B$131,"RA") -> 42
G23: MA | H23: =COUNTIFS(工作表1!B$3:B$131,"MA",工作表1!AG$3:AG$131,1) -> 15 | I23: =COUNTIFS(工作表1!B$3:B$131,"MA",工作表1!AG$3:AG$131,2) -> 1 | J23: =COUNTIFS(工作表1!B$3:B$131,"MA",工作表1!AG$3:AG$131,3) -> 0 | K23: =COUNTIF(工作表1!B$3:B$131,"MA") -> 16
G24: SA | H24: =COUNTIFS(工作表1!B$3:B$131,"SA",工作表1!AG$3:AG$131,1) -> 19 | I24: =COUNTIFS(工作表1!B$3:B$131,"SA",工作表1!AG$3:AG$131,2) -> 7 | J24: =COUNTIFS(工作表1!B$3:B$131,"SA",工作表1!AG$3:AG$131,3) -> 0 | K24: =COUNTIF(工作表1!B$3:B$131,"SA") -> 26
G25: VRV | H25: =COUNTIFS(工作表1!B$3:B$131,"VRV",工作表1!AG$3:AG$131,1) -> 38 | I25: =COUNTIFS(工作表1!B$3:B$131,"VRV",工作表1!AG$3:AG$131,2) -> 5 | J25: =COUNTIFS(工作表1!B$3:B$131,"VRV",工作表1!AG$3:AG$131,3) -> 2 | K25: =COUNTIF(工作表1!B$3:B$131,"VRV") -> 45
G27: 節能標章取得百分比（AE/C）
G28: 類別 | H28: 有效型號(C) | I28: 取得標章(AE) | J28: 取得率
G29: RA | H29: {=SUM(--(FREQUENCY(IF((工作表1!B$3:B$131="RA")*(LOOKUP(ROW(工作表1!G$3:G$131),ROW(工作表1!G$3:G$131)/(工作表1!G$3:G$131<>""),工作表1!G$3:G$131)>=TODAY())*(工作表1!C$3:C$131<>""),MATCH(工作表1!C$3:C$131,工作表1!C$3:C$131,0)),ROW(工作表1!C$3:C$131)-ROW(工作表1!C$3)+1)>0))} -> 42 | I29: {=SUM(--(FREQUENCY(IF((工作表1!B$3:B$131="RA")*(工作表1!C$3:C$131<>"")*(工作表1!AC$3:AC$131<>"")*(LOOKUP(ROW(工作表1!G$3:G$131),ROW(工作表1!G$3:G$131)/(工作表1!G$3:G$131<>""),工作表1!G$3:G$131)>=TODAY()),MATCH(工作表1!C$3:C$131,工作表1!C$3:C$131,0)),ROW(工作表1!C$3:C$131)-ROW(工作表1!C$3)+1)>0))} -> 33 | J29: =IFERROR(圖表資料!I29/圖表資料!H29,0) -> 0.78571429 | L29: RA | M29: =J29 -> 0.78571429 | N29: =1-M29 -> 0.21428571
G30: MA | H30: {=SUM(--(FREQUENCY(IF((工作表1!B$3:B$131="MA")*(LOOKUP(ROW(工作表1!G$3:G$131),ROW(工作表1!G$3:G$131)/(工作表1!G$3:G$131<>""),工作表1!G$3:G$131)>=TODAY())*(工作表1!C$3:C$131<>""),MATCH(工作表1!C$3:C$131,工作表1!C$3:C$131,0)),ROW(工作表1!C$3:C$131)-ROW(工作表1!C$3)+1)>0))} -> 11 | I30: {=SUM(--(FREQUENCY(IF((工作表1!B$3:B$131="MA")*(工作表1!C$3:C$131<>"")*(工作表1!AC$3:AC$131<>"")*(LOOKUP(ROW(工作表1!G$3:G$131),ROW(工作表1!G$3:G$131)/(工作表1!G$3:G$131<>""),工作表1!G$3:G$131)>=TODAY()),MATCH(工作表1!C$3:C$131,工作表1!C$3:C$131,0)),ROW(工作表1!C$3:C$131)-ROW(工作表1!C$3)+1)>0))} -> 7 | J30: =IFERROR(圖表資料!I30/圖表資料!H30,0) -> 0.63636364 | L30: MA | M30: =J30 -> 0.63636364 | N30: =1-M30 -> 0.36363636
G31: SA | H31: {=SUM(--(FREQUENCY(IF((工作表1!B$3:B$131="SA")*(LOOKUP(ROW(工作表1!G$3:G$131),ROW(工作表1!G$3:G$131)/(工作表1!G$3:G$131<>""),工作表1!G$3:G$131)>=TODAY())*(工作表1!C$3:C$131<>""),MATCH(工作表1!C$3:C$131,工作表1!C$3:C$131,0)),ROW(工作表1!C$3:C$131)-ROW(工作表1!C$3)+1)>0))} -> 24 | I31: {=SUM(--(FREQUENCY(IF((工作表1!B$3:B$131="SA")*(工作表1!C$3:C$131<>"")*(工作表1!AC$3:AC$131<>"")*(LOOKUP(ROW(工作表1!G$3:G$131),ROW(工作表1!G$3:G$131)/(工作表1!G$3:G$131<>""),工作表1!G$3:G$131)>=TODAY()),MATCH(工作表1!C$3:C$131,工作表1!C$3:C$131,0)),ROW(工作表1!C$3:C$131)-ROW(工作表1!C$3)+1)>0))} -> 17 | J31: =IFERROR(圖表資料!I31/圖表資料!H31,0) -> 0.70833333 | L31: SA | M31: =J31 -> 0.70833333 | N31: =1-M31 -> 0.29166667
G32: VRV | H32: {=SUM(--(FREQUENCY(IF((工作表1!B$3:B$131="VRV")*(LOOKUP(ROW(工作表1!G$3:G$131),ROW(工作表1!G$3:G$131)/(工作表1!G$3:G$131<>""),工作表1!G$3:G$131)>=TODAY())*(工作表1!C$3:C$131<>""),MATCH(工作表1!C$3:C$131,工作表1!C$3:C$131,0)),ROW(工作表1!C$3:C$131)-ROW(工作表1!C$3)+1)>0))} -> 45 | I32: {=SUM(--(FREQUENCY(IF((工作表1!B$3:B$131="VRV")*(工作表1!C$3:C$131<>"")*(工作表1!AC$3:AC$131<>"")*(LOOKUP(ROW(工作表1!G$3:G$131),ROW(工作表1!G$3:G$131)/(工作表1!G$3:G$131<>""),工作表1!G$3:G$131)>=TODAY()),MATCH(工作表1!C$3:C$131,工作表1!C$3:C$131,0)),ROW(工作表1!C$3:C$131)-ROW(工作表1!C$3)+1)>0))} -> 28 | J32: =IFERROR(圖表資料!I32/圖表資料!H32,0) -> 0.62222222 | L32: VRV | M32: =J32 -> 0.62222222 | N32: =1-M32 -> 0.37777778
H33: =SUM(H29:H32) -> 122 | I33: =SUM(I29:I32) -> 85 | J33: =I33/H33 -> 0.69672131
G34: CSPF 分布（Z欄 X/Y）
G35: 比值 | H35: RA | I35: MA | J35: SA | K35: VRV
G36: 95% | H36: =SUMPRODUCT((工作表1!B$3:B$195="RA")*(工作表1!Z$3:Z$195>=95%)*(工作表1!Z$3:Z$195<96%)*(LOOKUP(ROW(工作表1!G$3:G$195),ROW(工作表1!G$3:G$195)/(工作表1!G$3:G$195<>""),工作表1!G$3:G$195)>=TODAY())) -> 3 | I36: =SUMPRODUCT((工作表1!B$3:B$195="MA")*(工作表1!Z$3:Z$195>=95%)*(工作表1!Z$3:Z$195<96%)*(LOOKUP(ROW(工作表1!G$3:G$195),ROW(工作表1!G$3:G$195)/(工作表1!G$3:G$195<>""),工作表1!G$3:G$195)>=TODAY())) -> 0 | J36: =SUMPRODUCT((工作表1!B$3:B$195="SA")*(工作表1!Z$3:Z$195>=95%)*(工作表1!Z$3:Z$195<96%)*(LOOKUP(ROW(工作表1!G$3:G$195),ROW(工作表1!G$3:G$195)/(工作表1!G$3:G$195<>""),工作表1!G$3:G$195)>=TODAY())) -> 0 | K36: =SUMPRODUCT((工作表1!B$3:B$195="VRV")*(工作表1!Z$3:Z$195>=95%)*(工作表1!Z$3:Z$195<96%)*(LOOKUP(ROW(工作表1!G$3:G$195),ROW(工作表1!G$3:G$195)/(工作表1!G$3:G$195<>""),工作表1!G$3:G$195)>=TODAY())) -> 27
G37: 96% | H37: =SUMPRODUCT((工作表1!B$3:B$195="RA")*(工作表1!Z$3:Z$195>=96%)*(工作表1!Z$3:Z$195<97%)*(LOOKUP(ROW(工作表1!G$3:G$195),ROW(工作表1!G$3:G$195)/(工作表1!G$3:G$195<>""),工作表1!G$3:G$195)>=TODAY())) -> 0 | I37: =SUMPRODUCT((工作表1!B$3:B$195="MA")*(工作表1!Z$3:Z$195>=96%)*(工作表1!Z$3:Z$195<97%)*(LOOKUP(ROW(工作表1!G$3:G$195),ROW(工作表1!G$3:G$195)/(工作表1!G$3:G$195<>""),工作表1!G$3:G$195)>=TODAY())) -> 0 | J37: =SUMPRODUCT((工作表1!B$3:B$195="SA")*(工作表1!Z$3:Z$195>=96%)*(工作表1!Z$3:Z$195<97%)*(LOOKUP(ROW(工作表1!G$3:G$195),ROW(工作表1!G$3:G$195)/(工作表1!G$3:G$195<>""),工作表1!G$3:G$195)>=TODAY())) -> 2 | K37: =COUNTIFS(工作表1!B$3:B$131,"VRV",工作表1!Z$3:Z$131,">="&0.96,工作表1!Z$3:Z$131,"<"&0.97) -> 5
G38: 97% | H38: =SUMPRODUCT((工作表1!B$3:B$195="RA")*(工作表1!Z$3:Z$195>=97%)*(工作表1!Z$3:Z$195<98%)*(LOOKUP(ROW(工作表1!G$3:G$195),ROW(工作表1!G$3:G$195)/(工作表1!G$3:G$195<>""),工作表1!G$3:G$195)>=TODAY())) -> 3 | I38: =SUMPRODUCT((工作表1!B$3:B$195="MA")*(工作表1!Z$3:Z$195>=97%)*(工作表1!Z$3:Z$195<98%)*(LOOKUP(ROW(工作表1!G$3:G$195),ROW(工作表1!G$3:G$195)/(工作表1!G$3:G$195<>""),工作表1!G$3:G$195)>=TODAY())) -> 0 | J38: =SUMPRODUCT((工作表1!B$3:B$195="SA")*(工作表1!Z$3:Z$195>=97%)*(工作表1!Z$3:Z$195<98%)*(LOOKUP(ROW(工作表1!G$3:G$195),ROW(工作表1!G$3:G$195)/(工作表1!G$3:G$195<>""),工作表1!G$3:G$195)>=TODAY())) -> 1 | K38: =SUMPRODUCT((工作表1!B$3:B$195="VRV")*(工作表1!Z$3:Z$195>=97%)*(工作表1!Z$3:Z$195<98%)*(LOOKUP(ROW(工作表1!G$3:G$195),ROW(工作表1!G$3:G$195)/(工作表1!G$3:G$195<>""),工作表1!G$3:G$195)>=TODAY())) -> 4
G39: 98% | H39: =SUMPRODUCT((工作表1!B$3:B$195="RA")*(工作表1!Z$3:Z$195>=98%)*(工作表1!Z$3:Z$195<99%)*(LOOKUP(ROW(工作表1!G$3:G$195),ROW(工作表1!G$3:G$195)/(工作表1!G$3:G$195<>""),工作表1!G$3:G$195)>=TODAY())) -> 6 | I39: =SUMPRODUCT((工作表1!B$3:B$195="MA")*(工作表1!Z$3:Z$195>=98%)*(工作表1!Z$3:Z$195<99%)*(LOOKUP(ROW(工作表1!G$3:G$195),ROW(工作表1!G$3:G$195)/(工作表1!G$3:G$195<>""),工作表1!G$3:G$195)>=TODAY())) -> 0 | J39: =SUMPRODUCT((工作表1!B$3:B$195="SA")*(工作表1!Z$3:Z$195>=98%)*(工作表1!Z$3:Z$195<99%)*(LOOKUP(ROW(工作表1!G$3:G$195),ROW(工作表1!G$3:G$195)/(工作表1!G$3:G$195<>""),工作表1!G$3:G$195)>=TODAY())) -> 2 | K39: =SUMPRODUCT((工作表1!B$3:B$195="VRV")*(工作表1!Z$3:Z$195>=98%)*(工作表1!Z$3:Z$195<99%)*(LOOKUP(ROW(工作表1!G$3:G$195),ROW(工作表1!G$3:G$195)/(工作表1!G$3:G$195<>""),工作表1!G$3:G$195)>=TODAY())) -> 5
G40: 99% | H40: =SUMPRODUCT((工作表1!B$3:B$195="RA")*(工作表1!Z$3:Z$195>=99%)*(工作表1!Z$3:Z$195<100%)*(LOOKUP(ROW(工作表1!G$3:G$195),ROW(工作表1!G$3:G$195)/(工作表1!G$3:G$195<>""),工作表1!G$3:G$195)>=TODAY())) -> 4 | I40: =SUMPRODUCT((工作表1!B$3:B$195="MA")*(工作表1!Z$3:Z$195>=99%)*(工作表1!Z$3:Z$195<100%)*(LOOKUP(ROW(工作表1!G$3:G$195),ROW(工作表1!G$3:G$195)/(工作表1!G$3:G$195<>""),工作表1!G$3:G$195)>=TODAY())) -> 0 | J40: =SUMPRODUCT((工作表1!B$3:B$195="SA")*(工作表1!Z$3:Z$195>=99%)*(工作表1!Z$3:Z$195<100%)*(LOOKUP(ROW(工作表1!G$3:G$195),ROW(工作表1!G$3:G$195)/(工作表1!G$3:G$195<>""),工作表1!G$3:G$195)>=TODAY())) -> 2 | K40: =SUMPRODUCT((工作表1!B$3:B$195="VRV")*(工作表1!Z$3:Z$195>=99%)*(工作表1!Z$3:Z$195<100%)*(LOOKUP(ROW(工作表1!G$3:G$195),ROW(工作表1!G$3:G$195)/(工作表1!G$3:G$195<>""),工作表1!G$3:G$195)>=TODAY())) -> 1
G41: 100% | H41: =SUMPRODUCT((工作表1!B$3:B$195="RA")*(工作表1!Z$3:Z$195>=100%)*(工作表1!Z$3:Z$195<101%)*(LOOKUP(ROW(工作表1!G$3:G$195),ROW(工作表1!G$3:G$195)/(工作表1!G$3:G$195<>""),工作表1!G$3:G$195)>=TODAY())) -> 5 | I41: =SUMPRODUCT((工作表1!B$3:B$195="MA")*(工作表1!Z$3:Z$195>=100%)*(工作表1!Z$3:Z$195<101%)*(LOOKUP(ROW(工作表1!G$3:G$195),ROW(工作表1!G$3:G$195)/(工作表1!G$3:G$195<>""),工作表1!G$3:G$195)>=TODAY())) -> 3 | J41: =SUMPRODUCT((工作表1!B$3:B$195="SA")*(工作表1!Z$3:Z$195>=100%)*(工作表1!Z$3:Z$195<101%)*(LOOKUP(ROW(工作表1!G$3:G$195),ROW(工作表1!G$3:G$195)/(工作表1!G$3:G$195<>""),工作表1!G$3:G$195)>=TODAY())) -> 2 | K41: =SUMPRODUCT((工作表1!B$3:B$195="VRV")*(工作表1!Z$3:Z$195>=100%)*(工作表1!Z$3:Z$195<101%)*(LOOKUP(ROW(工作表1!G$3:G$195),ROW(工作表1!G$3:G$195)/(工作表1!G$3:G$195<>""),工作表1!G$3:G$195)>=TODAY())) -> 2
G42: 101% | H42: =SUMPRODUCT((工作表1!B$3:B$195="RA")*(工作表1!Z$3:Z$195>=101%)*(工作表1!Z$3:Z$195<102%)*(LOOKUP(ROW(工作表1!G$3:G$195),ROW(工作表1!G$3:G$195)/(工作表1!G$3:G$195<>""),工作表1!G$3:G$195)>=TODAY())) -> 4 | I42: =SUMPRODUCT((工作表1!B$3:B$195="MA")*(工作表1!Z$3:Z$195>=101%)*(工作表1!Z$3:Z$195<102%)*(LOOKUP(ROW(工作表1!G$3:G$195),ROW(工作表1!G$3:G$195)/(工作表1!G$3:G$195<>""),工作表1!G$3:G$195)>=TODAY())) -> 2 | J42: =SUMPRODUCT((工作表1!B$3:B$195="SA")*(工作表1!Z$3:Z$195>=101%)*(工作表1!Z$3:Z$195<102%)*(LOOKUP(ROW(工作表1!G$3:G$195),ROW(工作表1!G$3:G$195)/(工作表1!G$3:G$195<>""),工作表1!G$3:G$195)>=TODAY())) -> 4 | K42: =SUMPRODUCT((工作表1!B$3:B$195="VRV")*(工作表1!Z$3:Z$195>=101%)*(工作表1!Z$3:Z$195<102%)*(LOOKUP(ROW(工作表1!G$3:G$195),ROW(工作表1!G$3:G$195)/(工作表1!G$3:G$195<>""),工作表1!G$3:G$195)>=TODAY())) -> 0
G43: 102% | H43: =SUMPRODUCT((工作表1!B$3:B$195="RA")*(工作表1!Z$3:Z$195>=102%)*(工作表1!Z$3:Z$195<103%)*(LOOKUP(ROW(工作表1!G$3:G$195),ROW(工作表1!G$3:G$195)/(工作表1!G$3:G$195<>""),工作表1!G$3:G$195)>=TODAY())) -> 2 | I43: =SUMPRODUCT((工作表1!B$3:B$195="MA")*(工作表1!Z$3:Z$195>=102%)*(工作表1!Z$3:Z$195<103%)*(LOOKUP(ROW(工作表1!G$3:G$195),ROW(工作表1!G$3:G$195)/(工作表1!G$3:G$195<>""),工作表1!G$3:G$195)>=TODAY())) -> 1 | J43: =SUMPRODUCT((工作表1!B$3:B$195="SA")*(工作表1!Z$3:Z$195>=102%)*(工作表1!Z$3:Z$195<103%)*(LOOKUP(ROW(工作表1!G$3:G$195),ROW(工作表1!G$3:G$195)/(工作表1!G$3:G$195<>""),工作表1!G$3:G$195)>=TODAY())) -> 0 | K43: =SUMPRODUCT((工作表1!B$3:B$195="VRV")*(工作表1!Z$3:Z$195>=102%)*(工作表1!Z$3:Z$195<103%)*(LOOKUP(ROW(工作表1!G$3:G$195),ROW(工作表1!G$3:G$195)/(工作表1!G$3:G$195<>""),工作表1!G$3:G$195)>=TODAY())) -> 0
G44: 103% | H44: =SUMPRODUCT((工作表1!B$3:B$195="RA")*(工作表1!Z$3:Z$195>=103%)*(工作表1!Z$3:Z$195<104%)*(LOOKUP(ROW(工作表1!G$3:G$195),ROW(工作表1!G$3:G$195)/(工作表1!G$3:G$195<>""),工作表1!G$3:G$195)>=TODAY())) -> 5 | I44: =SUMPRODUCT((工作表1!B$3:B$195="MA")*(工作表1!Z$3:Z$195>=103%)*(工作表1!Z$3:Z$195<104%)*(LOOKUP(ROW(工作表1!G$3:G$195),ROW(工作表1!G$3:G$195)/(工作表1!G$3:G$195<>""),工作表1!G$3:G$195)>=TODAY())) -> 4 | J44: =SUMPRODUCT((工作表1!B$3:B$195="SA")*(工作表1!Z$3:Z$195>=103%)*(工作表1!Z$3:Z$195<104%)*(LOOKUP(ROW(工作表1!G$3:G$195),ROW(工作表1!G$3:G$195)/(工作表1!G$3:G$195<>""),工作表1!G$3:G$195)>=TODAY())) -> 3 | K44: =SUMPRODUCT((工作表1!B$3:B$195="VRV")*(工作表1!Z$3:Z$195>=103%)*(工作表1!Z$3:Z$195<104%)*(LOOKUP(ROW(工作表1!G$3:G$195),ROW(工作表1!G$3:G$195)/(工作表1!G$3:G$195<>""),工作表1!G$3:G$195)>=TODAY())) -> 0
G45: 104% | H45: =SUMPRODUCT((工作表1!B$3:B$195="RA")*(工作表1!Z$3:Z$195>=104%)*(工作表1!Z$3:Z$195<105%)*(LOOKUP(ROW(工作表1!G$3:G$195),ROW(工作表1!G$3:G$195)/(工作表1!G$3:G$195<>""),工作表1!G$3:G$195)>=TODAY())) -> 3 | I45: =SUMPRODUCT((工作表1!B$3:B$195="MA")*(工作表1!Z$3:Z$195>=104%)*(工作表1!Z$3:Z$195<105%)*(LOOKUP(ROW(工作表1!G$3:G$195),ROW(工作表1!G$3:G$195)/(工作表1!G$3:G$195<>""),工作表1!G$3:G$195)>=TODAY())) -> 0 | J45: =SUMPRODUCT((工作表1!B$3:B$195="SA")*(工作表1!Z$3:Z$195>=104%)*(工作表1!Z$3:Z$195<105%)*(LOOKUP(ROW(工作表1!G$3:G$195),ROW(工作表1!G$3:G$195)/(工作表1!G$3:G$195<>""),工作表1!G$3:G$195)>=TODAY())) -> 2 | K45: =SUMPRODUCT((工作表1!B$3:B$195="VRV")*(工作表1!Z$3:Z$195>=104%)*(工作表1!Z$3:Z$195<105%)*(LOOKUP(ROW(工作表1!G$3:G$195),ROW(工作表1!G$3:G$195)/(工作表1!G$3:G$195<>""),工作表1!G$3:G$195)>=TODAY())) -> 0
G46: 105% | H46: =SUMPRODUCT((工作表1!B$3:B$195="RA")*(工作表1!Z$3:Z$195>=105%)*(工作表1!Z$3:Z$195<106%)*(LOOKUP(ROW(工作表1!G$3:G$195),ROW(工作表1!G$3:G$195)/(工作表1!G$3:G$195<>""),工作表1!G$3:G$195)>=TODAY())) -> 2 | I46: =SUMPRODUCT((工作表1!B$3:B$195="MA")*(工作表1!Z$3:Z$195>=105%)*(工作表1!Z$3:Z$195<106%)*(LOOKUP(ROW(工作表1!G$3:G$195),ROW(工作表1!G$3:G$195)/(工作表1!G$3:G$195<>""),工作表1!G$3:G$195)>=TODAY())) -> 0 | J46: =SUMPRODUCT((工作表1!B$3:B$195="SA")*(工作表1!Z$3:Z$195>=105%)*(工作表1!Z$3:Z$195<106%)*(LOOKUP(ROW(工作表1!G$3:G$195),ROW(工作表1!G$3:G$195)/(工作表1!G$3:G$195<>""),工作表1!G$3:G$195)>=TODAY())) -> 0 | K46: =SUMPRODUCT((工作表1!B$3:B$195="VRV")*(工作表1!Z$3:Z$195>=105%)*(工作表1!Z$3:Z$195<106%)*(LOOKUP(ROW(工作表1!G$3:G$195),ROW(工作表1!G$3:G$195)/(工作表1!G$3:G$195<>""),工作表1!G$3:G$195)>=TODAY())) -> 0
G47: >106% | H47: =SUMPRODUCT((工作表1!B$3:B$195="RA")*(工作表1!Z$3:Z$195>=106%)*(LOOKUP(ROW(工作表1!G$3:G$195),ROW(工作表1!G$3:G$195)/(工作表1!G$3:G$195<>""),工作表1!G$3:G$195)>=TODAY())) -> 5 | I47: =SUMPRODUCT((工作表1!B$3:B$195="MA")*(工作表1!Z$3:Z$195>=106%)*(LOOKUP(ROW(工作表1!G$3:G$195),ROW(工作表1!G$3:G$195)/(工作表1!G$3:G$195<>""),工作表1!G$3:G$195)>=TODAY())) -> 1 | J47: =SUMPRODUCT((工作表1!B$3:B$195="SA")*(工作表1!Z$3:Z$195>=106%)*(LOOKUP(ROW(工作表1!G$3:G$195),ROW(工作表1!G$3:G$195)/(工作表1!G$3:G$195<>""),工作表1!G$3:G$195)>=TODAY())) -> 6 | K47: =SUMPRODUCT((工作表1!B$3:B$195="VRV")*(工作表1!Z$3:Z$195>=106%)*(LOOKUP(ROW(工作表1!G$3:G$195),ROW(工作表1!G$3:G$195)/(工作表1!G$3:G$195<>""),工作表1!G$3:G$195)>=TODAY())) -> 0
A48: 📌 建圖步驟
A49: ① 商品驗證 環圈圖：選取 A4:B8 → 插入 → 圓形圖 → 環圈圖
A50: ② 節能標章 環圈圖：選取 D4:E8 → 插入 → 圓形圖 → 環圈圖
A51: ③ 合併直條圖：先選 A12:B18，按Ctrl再加選 D12:D18 → 插入 → 群組直條圖
A52: ④ 能效分級 群組直條圖：選取 G21:K25 → 插入 → 群組直條圖
A53: ⑤ 節能取得率 環圈圖：選取 G28:J32 → 插入 → 環圈圖
A54: ⑥ CSPF分布 群組直條圖：選取 G35:K46 → 插入 → 群組直條圖
A55: ⑦ 各圖建好後剪下，貼到 Dashboard 對應的「貼圖區」
